tech,type,n,chunksize,unique_vals,ncolumns,time,gctime,memory,allocs,workers,threads
dask,increment_map,10000000,10000000,1000,4,1.3793100000000002e7,0,0,0,1,8
dask,filter_half,10000000,10000000,1000,4,8.657290000000018e7,0,0,0,1,8
dask,reduce_var_all,10000000,10000000,1000,4,6.256094000000001e8,0,0,0,1,8
dask,reduce_var_single,10000000,10000000,1000,4,7.63518000000003e7,0,0,0,1,8
dask,groupby_single_col,10000000,10000000,1000,4,1.1990553e9,0,0,0,1,8
dask,grouped_reduce_mean_singlecol,10000000,10000000,1000,4,2.0375668000000005e9,0,0,0,1,8
dask,grouped_reduce_mean_allcols,10000000,10000000,1000,4,4.0647024e9,0,0,0,1,8
dask,innerjoin_r_unique,10000000,10000000,1000,4,4.385918000000002e8,0,0,0,1,8
dask,groupby_single_col,10000000,10000000,10000,4,7.491713599999999e9,0,0,0,1,8
dask,grouped_reduce_mean_singlecol,10000000,10000000,10000,4,1.96635456e10,0,0,0,1,8
dask,grouped_reduce_mean_allcols,10000000,10000000,10000,4,3.805301229999999e10,0,0,0,1,8
dask,innerjoin_r_unique,10000000,10000000,10000,4,5.705754000000001e8,0,0,0,1,8
dask,increment_map,10000000,25000000,1000,4,1.3712899999999806e7,0,0,0,1,8
dask,filter_half,10000000,25000000,1000,4,8.586629999999973e7,0,0,0,1,8
dask,reduce_var_all,10000000,25000000,1000,4,6.013304000000001e8,0,0,0,1,8
dask,reduce_var_single,10000000,25000000,1000,4,8.680120000000003e7,0,0,0,1,8
dask,groupby_single_col,10000000,25000000,1000,4,1.1248881000000002e9,0,0,0,1,8
dask,grouped_reduce_mean_singlecol,10000000,25000000,1000,4,2.0897961999999986e9,0,0,0,1,8
dask,grouped_reduce_mean_allcols,10000000,25000000,1000,4,3.9576429000000014e9,0,0,0,1,8
dask,innerjoin_r_unique,10000000,25000000,1000,4,4.553054000000003e8,0,0,0,1,8
dask,groupby_single_col,10000000,25000000,10000,4,7.4306783e9,0,0,0,1,8
dask,grouped_reduce_mean_singlecol,10000000,25000000,10000,4,1.97413672e10,0,0,0,1,8
dask,grouped_reduce_mean_allcols,10000000,25000000,10000,4,3.84548154e10,0,0,0,1,8
dask,innerjoin_r_unique,10000000,25000000,10000,4,5.672496000000002e8,0,0,0,1,8
dask,increment_map,100000000,10000000,1000,4,8.564720000000037e7,0,0,0,1,8
dask,filter_half,100000000,10000000,1000,4,6.346062000000004e8,0,0,0,1,8
dask,reduce_var_all,100000000,10000000,1000,4,2.4043347e9,0,0,0,1,8
dask,reduce_var_single,100000000,10000000,1000,4,3.4708769999999946e8,0,0,0,1,8
dask,groupby_single_col,100000000,10000000,1000,4,8.544412899999999e9,0,0,0,1,8
dask,grouped_reduce_mean_singlecol,100000000,10000000,1000,4,3.0114943000000024e9,0,0,0,1,8
dask,grouped_reduce_mean_allcols,100000000,10000000,1000,4,6.223286999999999e9,0,0,0,1,8
dask,innerjoin_r_unique,100000000,10000000,1000,4,2.6206017e9,0,0,0,1,8
dask,groupby_single_col,100000000,10000000,10000,4,3.3289324900000004e10,0,0,0,1,8
dask,grouped_reduce_mean_singlecol,100000000,10000000,10000,4,3.366609250000002e10,0,0,0,1,8
dask,grouped_reduce_mean_allcols,100000000,10000000,10000,4,5.491544659999999e10,0,0,0,1,8
dask,innerjoin_r_unique,100000000,10000000,10000,4,2.8246261e9,0,0,0,1,8
dask,increment_map,100000000,25000000,1000,4,6.840139999999994e7,0,0,0,1,8
dask,filter_half,100000000,25000000,1000,4,6.265027999999999e8,0,0,0,1,8
dask,reduce_var_all,100000000,25000000,1000,4,2.685247e9,0,0,0,1,8
dask,reduce_var_single,100000000,25000000,1000,4,4.0446770000000054e8,0,0,0,1,8
dask,groupby_single_col,100000000,25000000,1000,4,7.0300825e9,0,0,0,1,8
dask,grouped_reduce_mean_singlecol,100000000,25000000,1000,4,2.7944441999999976e9,0,0,0,1,8
dask,grouped_reduce_mean_allcols,100000000,25000000,1000,4,6.119961500000002e9,0,0,0,1,8
dask,innerjoin_r_unique,100000000,25000000,1000,4,2.6730634e9,0,0,0,1,8
dask,groupby_single_col,100000000,25000000,10000,4,2.00740457e10,0,0,0,1,8
dask,grouped_reduce_mean_singlecol,100000000,25000000,10000,4,3.61300937e10,0,0,0,1,8
dask,grouped_reduce_mean_allcols,100000000,25000000,10000,4,5.775351819999998e10,0,0,0,1,8
dask,innerjoin_r_unique,100000000,25000000,10000,4,3.0809325e9,0,0,0,1,8
dask,increment_map,500000000,10000000,1000,4,3.4823359999999994e8,0,0,0,1,8
dask,filter_half,500000000,10000000,1000,4,3.5096725e9,0,0,0,1,8
dask,reduce_var_all,500000000,10000000,1000,4,9.944406e9,0,0,0,1,8
dask,reduce_var_single,500000000,10000000,1000,4,1.970169200000001e9,0,0,0,1,8
dask,groupby_single_col,500000000,10000000,1000,4,2.0670241e10,0,0,0,1,8
dask,grouped_reduce_mean_singlecol,500000000,10000000,1000,4,6.759290899999996e9,0,0,0,1,8
dask,grouped_reduce_mean_allcols,500000000,10000000,1000,4,1.6140867099999979e10,0,0,0,1,8
dask,innerjoin_r_unique,500000000,10000000,1000,4,3.49498624e10,0,0,0,1,8
dask,groupby_single_col,500000000,10000000,10000,4,2.05102671e10,0,0,0,1,8
dask,grouped_reduce_mean_singlecol,500000000,10000000,10000,4,4.016084979999999e10,0,0,0,1,8
dask,grouped_reduce_mean_allcols,500000000,10000000,10000,4,6.412376389999997e10,0,0,0,1,8
dask,innerjoin_r_unique,500000000,10000000,10000,4,3.58497309e10,0,0,0,1,8
dask,increment_map,500000000,25000000,1000,4,3.3411930000000024e8,0,0,0,1,8
dask,filter_half,500000000,25000000,1000,4,3.3917039e9,0,0,0,1,8
dask,reduce_var_all,500000000,25000000,1000,4,1.35568743e10,0,0,0,1,8
dask,reduce_var_single,500000000,25000000,1000,4,2.0305698999999998e9,0,0,0,1,8
dask,groupby_single_col,500000000,25000000,1000,4,5.78006707e10,0,0,0,1,8
dask,grouped_reduce_mean_singlecol,500000000,25000000,1000,4,7.197576199999986e9,0,0,0,1,8
dask,grouped_reduce_mean_allcols,500000000,25000000,1000,4,1.6778647200000023e10,0,0,0,1,8
dask,innerjoin_r_unique,500000000,25000000,1000,4,3.45098294e10,0,0,0,1,8
dask,groupby_single_col,500000000,25000000,10000,4,9.86456872e10,0,0,0,1,8
dask,grouped_reduce_mean_singlecol,500000000,25000000,10000,4,5.268490580000002e10,0,0,0,1,8
dask,grouped_reduce_mean_allcols,500000000,25000000,10000,4,7.871969910000008e10,0,0,0,1,8
dask,innerjoin_r_unique,500000000,25000000,10000,4,3.19382381e10,0,0,0,1,8
dask,scenario_table_load,10000000,10000000,1000,4,1.3552125e9,0,0,0,1,8
dask,scenario_full_table_statistics,10000000,10000000,1000,4,5.127616000000002e8,0,0,0,1,8
dask,scenario_count_unique_a1,10000000,10000000,1000,4,3.404839999999964e7,0,0,0,1,8
dask,scenario_rowwise_sum_and_mean_reduce,10000000,10000000,1000,4,3.44056891e10,0,0,0,1,8
dask,scenario_grouped_a1_statistics,10000000,10000000,1000,4,1.7547835000000021e9,0,0,0,1,8
dask,scenario_table_load,10000000,25000000,1000,4,2.357237e9,0,0,0,1,8
dask,scenario_full_table_statistics,10000000,25000000,1000,4,9.746134999999994e8,0,0,0,1,8
dask,scenario_count_unique_a1,10000000,25000000,1000,4,8.708679999999979e7,0,0,0,1,8
dask,scenario_rowwise_sum_and_mean_reduce,10000000,25000000,1000,4,8.303410170000002e10,0,0,0,1,8
dask,scenario_grouped_a1_statistics,10000000,25000000,1000,4,4.371030000000005e9,0,0,0,1,8
dask,scenario_table_load,10000000,10000000,10000,4,1.2594520999999998e9,0,0,0,1,8
dask,scenario_full_table_statistics,10000000,10000000,10000,4,4.019805999999999e8,0,0,0,1,8
dask,scenario_count_unique_a1,10000000,10000000,10000,4,5.474720000000044e7,0,0,0,1,8
dask,scenario_rowwise_sum_and_mean_reduce,10000000,10000000,10000,4,3.39374926e10,0,0,0,1,8
dask,scenario_grouped_a1_statistics,10000000,10000000,10000,4,2.1309286999999983e9,0,0,0,1,8
dask,scenario_table_load,10000000,25000000,10000,4,2.4322486e9,0,0,0,1,8
dask,scenario_full_table_statistics,10000000,25000000,10000,4,1.0283897e9,0,0,0,1,8
dask,scenario_count_unique_a1,10000000,25000000,10000,4,8.603950000000004e7,0,0,0,1,8
dask,scenario_rowwise_sum_and_mean_reduce,10000000,25000000,10000,4,8.38437405e10,0,0,0,1,8
dask,scenario_grouped_a1_statistics,10000000,25000000,10000,4,5.08776300000001e9,0,0,0,1,8
dask,scenario_table_load,100000000,10000000,1000,4,9.5739546e9,0,0,0,1,8
dask,scenario_full_table_statistics,100000000,10000000,1000,4,2.233374900000001e9,0,0,0,1,8
dask,scenario_count_unique_a1,100000000,10000000,1000,4,3.409437000000004e8,0,0,0,1,8
dask,scenario_rowwise_sum_and_mean_reduce,100000000,10000000,1000,4,3.429791836e11,0,0,0,1,8
dask,scenario_grouped_a1_statistics,100000000,10000000,1000,4,8.772215800000027e9,0,0,0,1,8
dask,scenario_table_load,100000000,25000000,1000,4,9.6468653e9,0,0,0,1,8
dask,scenario_full_table_statistics,100000000,25000000,1000,4,2.374578100000001e9,0,0,0,1,8
dask,scenario_count_unique_a1,100000000,25000000,1000,4,2.9293510000000113e8,0,0,0,1,8
dask,scenario_rowwise_sum_and_mean_reduce,100000000,25000000,1000,4,3.40874413e11,0,0,0,1,8
dask,scenario_grouped_a1_statistics,100000000,25000000,1000,4,9.103329300000042e9,0,0,0,1,8
dask,scenario_table_load,100000000,10000000,10000,4,1.01639529e10,0,0,0,1,8
dask,scenario_full_table_statistics,100000000,10000000,10000,4,2.4100448000000014e9,0,0,0,1,8
dask,scenario_count_unique_a1,100000000,10000000,10000,4,3.1328840000000113e8,0,0,0,1,8
dask,scenario_rowwise_sum_and_mean_reduce,100000000,10000000,10000,4,3.409086565e11,0,0,0,1,8
dask,scenario_grouped_a1_statistics,100000000,10000000,10000,4,1.0070661400000006e10,0,0,0,1,8
dask,scenario_table_load,100000000,25000000,10000,4,1.03082558e10,0,0,0,1,8
dask,scenario_full_table_statistics,100000000,25000000,10000,4,2.1319681999999993e9,0,0,0,1,8
dask,scenario_count_unique_a1,100000000,25000000,10000,4,2.8860069999999994e8,0,0,0,1,8
dask,scenario_rowwise_sum_and_mean_reduce,100000000,25000000,10000,4,3.403578554e11,0,0,0,1,8
dask,scenario_grouped_a1_statistics,100000000,25000000,10000,4,1.0487520599999983e10,0,0,0,1,8
dask,scenario_table_load,500000000,10000000,1000,4,4.945087009999999e10,0,0,0,1,8
dask,scenario_full_table_statistics,500000000,10000000,1000,4,1.0896883100000011e10,0,0,0,1,8
dask,scenario_count_unique_a1,500000000,10000000,1000,4,1.4799507000000033e9,0,0,0,1,8
dask,scenario_rowwise_sum_and_mean_reduce,500000000,10000000,1000,4,1.7044492571e12,0,0,0,1,8
dask,scenario_grouped_a1_statistics,500000000,10000000,1000,4,4.136151760000007e10,0,0,0,1,8
dask,scenario_table_load,500000000,25000000,1000,4,4.99667096e10,0,0,0,1,8
dask,scenario_full_table_statistics,500000000,25000000,1000,4,1.3955944399999992e10,0,0,0,1,8
dask,scenario_count_unique_a1,500000000,25000000,1000,4,1.376205800000008e9,0,0,0,1,8
dask,scenario_rowwise_sum_and_mean_reduce,500000000,25000000,1000,4,1.7606758341999998e12,0,0,0,1,8
dask,scenario_grouped_a1_statistics,500000000,25000000,1000,4,5.717000719999987e10,0,0,0,1,8
dask,scenario_table_load,500000000,10000000,10000,4,5.38846451e10,0,0,0,1,8
dask,scenario_full_table_statistics,500000000,10000000,10000,4,1.0640137300000006e10,0,0,0,1,8
dask,scenario_count_unique_a1,500000000,10000000,10000,4,1.5730299000000088e9,0,0,0,1,8
dask,scenario_rowwise_sum_and_mean_reduce,500000000,10000000,10000,4,1.7233086298e12,0,0,0,1,8
dask,scenario_grouped_a1_statistics,500000000,10000000,10000,4,4.478656959999989e10,0,0,0,1,8
dask,scenario_table_load,500000000,25000000,10000,4,5.393379249999999e10,0,0,0,1,8
dask,scenario_full_table_statistics,500000000,25000000,10000,4,1.4714442899999994e10,0,0,0,1,8
dask,scenario_count_unique_a1,500000000,25000000,10000,4,1.4592800000000067e9,0,0,0,1,8
dask,scenario_rowwise_sum_and_mean_reduce,500000000,25000000,10000,4,1.7332288904000002e12,0,0,0,1,8
dask,scenario_grouped_a1_statistics,500000000,25000000,10000,4,5.6933508700000175e10,0,0,0,1,8
dask,increment_map,10000000,10000000,1000,4,1.4067400000000063e7,0,0,0,1,16
dask,filter_half,10000000,10000000,1000,4,1.2432930000000031e8,0,0,0,1,16
dask,reduce_var_all,10000000,10000000,1000,4,6.580805999999999e8,0,0,0,1,16
dask,reduce_var_single,10000000,10000000,1000,4,7.487969999999988e7,0,0,0,1,16
dask,groupby_single_col,10000000,10000000,1000,4,1.0975291999999998e9,0,0,0,1,16
dask,grouped_reduce_mean_singlecol,10000000,10000000,1000,4,2.0480920000000005e9,0,0,0,1,16
dask,grouped_reduce_mean_allcols,10000000,10000000,1000,4,3.8119335999999995e9,0,0,0,1,16
dask,innerjoin_r_unique,10000000,10000000,1000,4,4.531893e8,0,0,0,1,16
dask,groupby_single_col,10000000,10000000,10000,4,7.1338405e9,0,0,0,1,16
dask,grouped_reduce_mean_singlecol,10000000,10000000,10000,4,1.8577741500000008e10,0,0,0,1,16
dask,grouped_reduce_mean_allcols,10000000,10000000,10000,4,3.825864710000001e10,0,0,0,1,16
dask,innerjoin_r_unique,10000000,10000000,10000,4,5.614559999999998e8,0,0,0,1,16
dask,increment_map,10000000,25000000,1000,4,1.3971000000000177e7,0,0,0,1,16
dask,filter_half,10000000,25000000,1000,4,8.507409999999993e7,0,0,0,1,16
dask,reduce_var_all,10000000,25000000,1000,4,6.131754999999996e8,0,0,0,1,16
dask,reduce_var_single,10000000,25000000,1000,4,7.523400000000003e7,0,0,0,1,16
dask,groupby_single_col,10000000,25000000,1000,4,1.1211259e9,0,0,0,1,16
dask,grouped_reduce_mean_singlecol,10000000,25000000,1000,4,1.9164683e9,0,0,0,1,16
dask,grouped_reduce_mean_allcols,10000000,25000000,1000,4,3.8447443999999995e9,0,0,0,1,16
dask,innerjoin_r_unique,10000000,25000000,1000,4,4.316346000000002e8,0,0,0,1,16
dask,groupby_single_col,10000000,25000000,10000,4,7.063210099999999e9,0,0,0,1,16
dask,grouped_reduce_mean_singlecol,10000000,25000000,10000,4,1.87000291e10,0,0,0,1,16
dask,grouped_reduce_mean_allcols,10000000,25000000,10000,4,3.839972180000001e10,0,0,0,1,16
dask,innerjoin_r_unique,10000000,25000000,10000,4,5.585351000000002e8,0,0,0,1,16
dask,increment_map,100000000,10000000,1000,4,7.416419999999979e7,0,0,0,1,16
dask,filter_half,100000000,10000000,1000,4,5.797067999999999e8,0,0,0,1,16
dask,reduce_var_all,100000000,10000000,1000,4,2.1685637e9,0,0,0,1,16
dask,reduce_var_single,100000000,10000000,1000,4,3.800724000000004e8,0,0,0,1,16
dask,groupby_single_col,100000000,10000000,1000,4,8.444289700000001e9,0,0,0,1,16
dask,grouped_reduce_mean_singlecol,100000000,10000000,1000,4,3.3250879e9,0,0,0,1,16
dask,grouped_reduce_mean_allcols,100000000,10000000,1000,4,6.739639400000002e9,0,0,0,1,16
dask,innerjoin_r_unique,100000000,10000000,1000,4,2.3520426000000005e9,0,0,0,1,16
dask,groupby_single_col,100000000,10000000,10000,4,3.28024669e10,0,0,0,1,16
dask,grouped_reduce_mean_singlecol,100000000,10000000,10000,4,3.570781860000002e10,0,0,0,1,16
dask,grouped_reduce_mean_allcols,100000000,10000000,10000,4,5.8678798799999985e10,0,0,0,1,16
dask,innerjoin_r_unique,100000000,10000000,10000,4,2.5952996e9,0,0,0,1,16
dask,increment_map,100000000,25000000,1000,4,6.694090000000008e7,0,0,0,1,16
dask,filter_half,100000000,25000000,1000,4,6.082177e8,0,0,0,1,16
dask,reduce_var_all,100000000,25000000,1000,4,2.7899388000000005e9,0,0,0,1,16
dask,reduce_var_single,100000000,25000000,1000,4,4.723354000000004e8,0,0,0,1,16
dask,groupby_single_col,100000000,25000000,1000,4,6.828755600000001e9,0,0,0,1,16
dask,grouped_reduce_mean_singlecol,100000000,25000000,1000,4,2.8836981e9,0,0,0,1,16
dask,grouped_reduce_mean_allcols,100000000,25000000,1000,4,6.0909479e9,0,0,0,1,16
dask,innerjoin_r_unique,100000000,25000000,1000,4,2.7173385000000005e9,0,0,0,1,16
dask,groupby_single_col,100000000,25000000,10000,4,1.97685179e10,0,0,0,1,16
dask,grouped_reduce_mean_singlecol,100000000,25000000,10000,4,3.3039268599999985e10,0,0,0,1,16
dask,grouped_reduce_mean_allcols,100000000,25000000,10000,4,5.595816749999998e10,0,0,0,1,16
dask,innerjoin_r_unique,100000000,25000000,10000,4,3.0508665e9,0,0,0,1,16
dask,increment_map,500000000,10000000,1000,4,3.4001309999999976e8,0,0,0,1,16
dask,filter_half,500000000,10000000,1000,4,3.3425293e9,0,0,0,1,16
dask,reduce_var_all,500000000,10000000,1000,4,9.99802e9,0,0,0,1,16
dask,reduce_var_single,500000000,10000000,1000,4,1.9733133999999986e9,0,0,0,1,16
dask,groupby_single_col,500000000,10000000,1000,4,2.35739422e10,0,0,0,1,16
dask,grouped_reduce_mean_singlecol,500000000,10000000,1000,4,7.690843599999993e9,0,0,0,1,16
dask,grouped_reduce_mean_allcols,500000000,10000000,1000,4,1.64010313e10,0,0,0,1,16
dask,innerjoin_r_unique,500000000,10000000,1000,4,2.96850091e10,0,0,0,1,16
dask,groupby_single_col,500000000,10000000,10000,4,1.15462768e11,0,0,0,1,16
dask,grouped_reduce_mean_singlecol,500000000,10000000,10000,4,4.781301020000001e10,0,0,0,1,16
dask,grouped_reduce_mean_allcols,500000000,10000000,10000,4,7.487271569999995e10,0,0,0,1,16
dask,innerjoin_r_unique,500000000,10000000,10000,4,3.06167869e10,0,0,0,1,16
dask,increment_map,500000000,25000000,1000,4,3.381816e8,0,0,0,1,16
dask,filter_half,500000000,25000000,1000,4,3.2676903000000005e9,0,0,0,1,16
dask,reduce_var_all,500000000,25000000,1000,4,2.07053491e10,0,0,0,1,16
dask,reduce_var_single,500000000,25000000,1000,4,2.6746841000000005e9,0,0,0,1,16
dask,groupby_single_col,500000000,25000000,1000,4,7.95598823e10,0,0,0,1,16
dask,grouped_reduce_mean_singlecol,500000000,25000000,1000,4,7.579946800000016e9,0,0,0,1,16
dask,grouped_reduce_mean_allcols,500000000,25000000,1000,4,1.6418334200000004e10,0,0,0,1,16
dask,innerjoin_r_unique,500000000,25000000,1000,4,2.54867799e10,0,0,0,1,16
dask,groupby_single_col,500000000,25000000,10000,4,1.3310339140000002e11,0,0,0,1,16
dask,grouped_reduce_mean_singlecol,500000000,25000000,10000,4,9.413375829999995e10,0,0,0,1,16
dask,grouped_reduce_mean_allcols,500000000,25000000,10000,4,1.1699476379999988e11,0,0,0,1,16
dask,innerjoin_r_unique,500000000,25000000,10000,4,2.42819997e10,0,0,0,1,16
dask,scenario_table_load,10000000,10000000,1000,4,1.3333005e9,0,0,0,1,16
dask,scenario_full_table_statistics,10000000,10000000,1000,4,4.9484489999999946e8,0,0,0,1,16
dask,scenario_count_unique_a1,10000000,10000000,1000,4,3.698820000000058e7,0,0,0,1,16
dask,scenario_rowwise_sum_and_mean_reduce,10000000,10000000,1000,4,3.3344648399999996e10,0,0,0,1,16
dask,scenario_grouped_a1_statistics,10000000,10000000,1000,4,1.8203379999999995e9,0,0,0,1,16
dask,scenario_table_load,10000000,25000000,1000,4,2.3166122e9,0,0,0,1,16
dask,scenario_full_table_statistics,10000000,25000000,1000,4,1.0067689e9,0,0,0,1,16
dask,scenario_count_unique_a1,10000000,25000000,1000,4,7.232240000000001e7,0,0,0,1,16
dask,scenario_rowwise_sum_and_mean_reduce,10000000,25000000,1000,4,8.4540979e10,0,0,0,1,16
dask,scenario_grouped_a1_statistics,10000000,25000000,1000,4,4.1719281000000024e9,0,0,0,1,16
dask,scenario_table_load,10000000,10000000,10000,4,1.2515066e9,0,0,0,1,16
dask,scenario_full_table_statistics,10000000,10000000,10000,4,4.664283999999999e8,0,0,0,1,16
dask,scenario_count_unique_a1,10000000,10000000,10000,4,3.889869999999984e7,0,0,0,1,16
dask,scenario_rowwise_sum_and_mean_reduce,10000000,10000000,10000,4,3.3631499399999996e10,0,0,0,1,16
dask,scenario_grouped_a1_statistics,10000000,10000000,10000,4,2.157753299999996e9,0,0,0,1,16
dask,scenario_table_load,10000000,25000000,10000,4,2.4670922e9,0,0,0,1,16
dask,scenario_full_table_statistics,10000000,25000000,10000,4,1.0081485999999993e9,0,0,0,1,16
dask,scenario_count_unique_a1,10000000,25000000,10000,4,7.811060000000048e7,0,0,0,1,16
dask,scenario_rowwise_sum_and_mean_reduce,10000000,25000000,10000,4,8.2767937e10,0,0,0,1,16
dask,scenario_grouped_a1_statistics,10000000,25000000,10000,4,5.0961365e9,0,0,0,1,16
dask,scenario_table_load,100000000,10000000,1000,4,9.4585448e9,0,0,0,1,16
dask,scenario_full_table_statistics,100000000,10000000,1000,4,2.051442399999999e9,0,0,0,1,16
dask,scenario_count_unique_a1,100000000,10000000,1000,4,3.166893000000002e8,0,0,0,1,16
dask,scenario_rowwise_sum_and_mean_reduce,100000000,10000000,1000,4,3.413181424e11,0,0,0,1,16
dask,scenario_grouped_a1_statistics,100000000,10000000,1000,4,8.35780120000004e9,0,0,0,1,16
dask,scenario_table_load,100000000,25000000,1000,4,9.5202275e9,0,0,0,1,16
dask,scenario_full_table_statistics,100000000,25000000,1000,4,2.1960153999999967e9,0,0,0,1,16
dask,scenario_count_unique_a1,100000000,25000000,1000,4,2.7265489999999917e8,0,0,0,1,16
dask,scenario_rowwise_sum_and_mean_reduce,100000000,25000000,1000,4,3.3870176050000006e11,0,0,0,1,16
dask,scenario_grouped_a1_statistics,100000000,25000000,1000,4,9.31475869999997e9,0,0,0,1,16
dask,scenario_table_load,100000000,10000000,10000,4,1.01541094e10,0,0,0,1,16
dask,scenario_full_table_statistics,100000000,10000000,10000,4,2.1612431999999976e9,0,0,0,1,16
dask,scenario_count_unique_a1,100000000,10000000,10000,4,3.347800999999997e8,0,0,0,1,16
dask,scenario_rowwise_sum_and_mean_reduce,100000000,10000000,10000,4,3.392855944e11,0,0,0,1,16
dask,scenario_grouped_a1_statistics,100000000,10000000,10000,4,9.262998200000027e9,0,0,0,1,16
dask,scenario_table_load,100000000,25000000,10000,4,1.00605856e10,0,0,0,1,16
dask,scenario_full_table_statistics,100000000,25000000,10000,4,2.1523523000000005e9,0,0,0,1,16
dask,scenario_count_unique_a1,100000000,25000000,10000,4,3.3007269999999875e8,0,0,0,1,16
dask,scenario_rowwise_sum_and_mean_reduce,100000000,25000000,10000,4,3.351632614e11,0,0,0,1,16
dask,scenario_grouped_a1_statistics,100000000,25000000,10000,4,1.02413004e10,0,0,0,1,16
dask,scenario_table_load,500000000,10000000,1000,4,4.8562963e10,0,0,0,1,16
dask,scenario_full_table_statistics,500000000,10000000,1000,4,1.2230520799999994e10,0,0,0,1,16
dask,scenario_count_unique_a1,500000000,10000000,1000,4,1.4327409999999928e9,0,0,0,1,16
dask,scenario_rowwise_sum_and_mean_reduce,500000000,10000000,1000,4,1.7132908914e12,0,0,0,1,16
dask,scenario_grouped_a1_statistics,500000000,10000000,1000,4,8.257863010000006e10,0,0,0,1,16
dask,scenario_table_load,500000000,25000000,1000,4,5.18013318e10,0,0,0,1,16
dask,scenario_full_table_statistics,500000000,25000000,1000,4,2.4766380999999996e10,0,0,0,1,16
dask,scenario_count_unique_a1,500000000,25000000,1000,4,1.4138015999999993e9,0,0,0,1,16
dask,scenario_rowwise_sum_and_mean_reduce,500000000,25000000,1000,4,1.8056071476999998e12,0,0,0,1,16
dask,scenario_grouped_a1_statistics,500000000,25000000,1000,4,9.357260790000009e10,0,0,0,1,16
dask,scenario_table_load,500000000,10000000,10000,4,5.35165962e10,0,0,0,1,16
dask,scenario_full_table_statistics,500000000,10000000,10000,4,1.0810538900000011e10,0,0,0,1,16
dask,scenario_count_unique_a1,500000000,10000000,10000,4,1.5599406999999986e9,0,0,0,1,16
dask,scenario_rowwise_sum_and_mean_reduce,500000000,10000000,10000,4,1.7097991229e12,0,0,0,1,16
dask,scenario_grouped_a1_statistics,500000000,10000000,10000,4,7.866823759999988e10,0,0,0,1,16
dask,scenario_table_load,500000000,25000000,10000,4,6.381659949999999e10,0,0,0,1,16
dask,scenario_full_table_statistics,500000000,25000000,10000,4,3.723991239999999e10,0,0,0,1,16
dask,scenario_count_unique_a1,500000000,25000000,10000,4,1.550946400000015e9,0,0,0,1,16
dask,scenario_rowwise_sum_and_mean_reduce,500000000,25000000,10000,4,1.8109147679e12,0,0,0,1,16
dask,scenario_grouped_a1_statistics,500000000,25000000,10000,4,9.537573420000012e10,0,0,0,1,16
dask,increment_map,1000000000,10000000,1000,4,3.31196287e10,0,0,0,1,8
dask,filter_half,1000000000,10000000,1000,4,5.20081595e10,0,0,0,1,8
dask,reduce_var_all,1000000000,10000000,1000,4,3.327364259999999e10,0,0,0,1,8
dask,reduce_var_single,1000000000,10000000,1000,4,2.3105064299999996e10,0,0,0,1,8
dask,groupby_single_col,1000000000,10000000,1000,4,1.835201331e11,0,0,0,1,8
dask,grouped_reduce_mean_singlecol,1000000000,10000000,1000,4,5.213944330000004e10,0,0,0,1,8
dask,grouped_reduce_mean_allcols,1000000000,10000000,1000,4,7.62884206e10,0,0,0,1,8
dask,innerjoin_r_unique,1000000000,10000000,1000,4,2.340033082e11,0,0,0,1,8
dask,increment_map,1000000000,10000000,1000,4,3.64643445e10,0,0,0,1,16
dask,filter_half,1000000000,10000000,1000,4,5.08015145e10,0,0,0,1,16
dask,reduce_var_all,1000000000,10000000,1000,4,3.741095080000001e10,0,0,0,1,16
dask,reduce_var_single,1000000000,10000000,1000,4,2.3535476799999996e10,0,0,0,1,16
dask,increment_map,1000000000,10000000,1000,4,3.73857516e10,0,0,0,1,8
dask,filter_half,1000000000,10000000,1000,4,6.428525350000001e10,0,0,0,1,8
dask,reduce_var_all,1000000000,10000000,1000,4,4.4582633500000015e10,0,0,0,1,8
dask,reduce_var_single,1000000000,10000000,1000,4,2.5205747900000008e10,0,0,0,1,8
dask,increment_map,1000000000,10000000,1000,4,3.81695012e10,0,0,0,1,8
dask,filter_half,1000000000,10000000,1000,4,5.18926036e10,0,0,0,1,8
dask,reduce_var_all,1000000000,10000000,1000,4,3.82323506e10,0,0,0,1,8
dask,reduce_var_single,1000000000,10000000,1000,4,2.4005239699999977e10,0,0,0,1,8
dask,groupby_single_col,1000000000,10000000,1000,4,2.017052432e11,0,0,0,1,8
dask,grouped_reduce_mean_singlecol,1000000000,10000000,1000,4,5.292683040000003e10,0,0,0,1,8
dask,grouped_reduce_mean_allcols,1000000000,10000000,1000,4,7.397549089999995e10,0,0,0,1,8
dask,innerjoin_r_unique,1000000000,10000000,1000,4,2.6139759550000003e11,0,0,0,1,8
dask,increment_map,1000000000,10000000,1000,4,3.26754531e10,0,0,0,1,8
dask,filter_half,1000000000,10000000,1000,4,4.681678240000001e10,0,0,0,1,8
dask,reduce_var_all,1000000000,10000000,1000,4,3.45115813e10,0,0,0,1,8
dask,reduce_var_single,1000000000,10000000,1000,4,2.5400210200000004e10,0,0,0,1,8
dask,groupby_single_col,1000000000,10000000,1000,4,2.101884124e11,0,0,0,1,8
dask,grouped_reduce_mean_singlecol,1000000000,10000000,1000,4,5.932011799999992e10,0,0,0,1,8
dask,grouped_reduce_mean_allcols,1000000000,10000000,1000,4,8.332802609999998e10,0,0,0,1,8
dask,innerjoin_r_unique,1000000000,10000000,1000,4,2.582242806e11,0,0,0,1,8
dask,groupby_single_col,1000000000,10000000,10000,4,4.989239595e11,0,0,0,1,8
dask,grouped_reduce_mean_singlecol,1000000000,10000000,10000,4,7.667555519999997e10,0,0,0,1,8
dask,grouped_reduce_mean_allcols,1000000000,10000000,10000,4,1.2788892490000012e11,0,0,0,1,8
dask,innerjoin_r_unique,1000000000,10000000,10000,4,2.4803350970000003e11,0,0,0,1,8
dask,increment_map,1000000000,25000000,1000,4,3.61647373e10,0,0,0,1,8
dask,filter_half,1000000000,25000000,1000,4,4.733709370000001e10,0,0,0,1,8
dask,reduce_var_all,1000000000,25000000,1000,4,3.534825670000001e10,0,0,0,1,8
dask,reduce_var_single,1000000000,25000000,1000,4,2.3632605800000008e10,0,0,0,1,8
dask,groupby_single_col,1000000000,25000000,1000,4,1.115289066e11,0,0,0,1,8
dask,grouped_reduce_mean_singlecol,1000000000,25000000,1000,4,5.117897830000004e10,0,0,0,1,8
dask,grouped_reduce_mean_allcols,1000000000,25000000,1000,4,7.341434219999997e10,0,0,0,1,8
dask,innerjoin_r_unique,1000000000,25000000,1000,4,2.363740474e11,0,0,0,1,8
dask,groupby_single_col,1000000000,25000000,10000,4,9.343848069999998e10,0,0,0,1,8
dask,grouped_reduce_mean_singlecol,1000000000,25000000,10000,4,9.625669220000009e10,0,0,0,1,8
dask,grouped_reduce_mean_allcols,1000000000,25000000,10000,4,1.4738132879999966e11,0,0,0,1,8
dask,innerjoin_r_unique,1000000000,25000000,10000,4,2.605777188e11,0,0,0,1,8
dask,scenario_table_load,1000000000,10000000,1000,4,3.682122294e11,0,0,0,1,8
dask,scenario_full_table_statistics,1000000000,10000000,1000,4,2.4143644970000003e11,0,0,0,1,8
dask,scenario_count_unique_a1,1000000000,10000000,1000,4,3.3530374200000095e10,0,0,0,1,8
dask,increment_map,1000000000,10000000,1000,4,3.687204889999999e10,0,0,0,1,16
dask,filter_half,1000000000,10000000,1000,4,5.529703e10,0,0,0,1,16
dask,reduce_var_all,1000000000,10000000,1000,4,3.82808084e10,0,0,0,1,16
dask,reduce_var_single,1000000000,10000000,1000,4,2.4159444000000008e10,0,0,0,1,16
dask,increment_map,1000000000,10000000,1000,4,3.34226643e10,0,0,0,1,16
dask,filter_half,1000000000,10000000,1000,4,5.723272060000001e10,0,0,0,1,16
dask,reduce_var_all,1000000000,10000000,1000,4,3.752471940000001e10,0,0,0,1,16
dask,reduce_var_single,1000000000,10000000,1000,4,2.4788685799999996e10,0,0,0,1,16
dask,increment_map,1000000000,10000000,1000,4,3.53240512e10,0,0,0,1,16
dask,filter_half,1000000000,10000000,1000,4,5.16296693e10,0,0,0,1,16
dask,reduce_var_all,1000000000,10000000,1000,4,3.893746539999999e10,0,0,0,1,16
dask,reduce_var_single,1000000000,10000000,1000,4,2.522481819999999e10,0,0,0,1,16
dask,groupby_single_col,1000000000,10000000,1000,4,2.650104781e11,0,0,0,1,16
dask,grouped_reduce_mean_singlecol,1000000000,10000000,1000,4,5.6598824899999954e10,0,0,0,1,16
dask,grouped_reduce_mean_allcols,1000000000,10000000,1000,4,8.39484946e10,0,0,0,1,16
dask,innerjoin_r_unique,1000000000,10000000,1000,4,2.509296587e11,0,0,0,1,16
dask,groupby_single_col,1000000000,10000000,10000,4,5.21704797e11,0,0,0,1,16
dask,grouped_reduce_mean_singlecol,1000000000,10000000,10000,4,9.10277337e10,0,0,0,1,16
dask,grouped_reduce_mean_allcols,1000000000,10000000,10000,4,1.558748121000001e11,0,0,0,1,16
dask,innerjoin_r_unique,1000000000,10000000,10000,4,2.359618674e11,0,0,0,1,16
dask,increment_map,1000000000,25000000,1000,4,2.9930934e10,0,0,0,1,16
dask,filter_half,1000000000,25000000,1000,4,4.65286577e10,0,0,0,1,16
dask,reduce_var_all,1000000000,25000000,1000,4,3.51032333e10,0,0,0,1,16
dask,reduce_var_single,1000000000,25000000,1000,4,2.3607685700000004e10,0,0,0,1,16
dask,groupby_single_col,1000000000,25000000,1000,4,5.797193982e11,0,0,0,1,16
dask,grouped_reduce_mean_singlecol,1000000000,25000000,1000,4,5.480294920000006e10,0,0,0,1,16
dask,grouped_reduce_mean_allcols,1000000000,25000000,1000,4,8.329616340000006e10,0,0,0,1,16
dask,innerjoin_r_unique,1000000000,25000000,1000,4,2.7437845689999994e11,0,0,0,1,16
dask,groupby_single_col,1000000000,25000000,10000,4,7.591172691e11,0,0,0,1,16
dask,grouped_reduce_mean_singlecol,1000000000,25000000,10000,4,1.2024956819999988e11,0,0,0,1,16
dask,grouped_reduce_mean_allcols,1000000000,25000000,10000,4,1.6884501610000006e11,0,0,0,1,16
dask,innerjoin_r_unique,1000000000,25000000,10000,4,2.6546587849999997e11,0,0,0,1,16
dask,scenario_table_load,1000000000,10000000,1000,4,3.653005688e11,0,0,0,1,8
dask,scenario_table_load,1000000000,10000000,1000,4,3.72874538e11,0,0,0,1,8
dask,scenario_full_table_statistics,1000000000,10000000,1000,4,2.27935385e11,0,0,0,1,8
dask,scenario_count_unique_a1,1000000000,10000000,1000,4,3.5670428499999954e10,0,0,0,1,8
dask,scenario_rowwise_sum_and_mean_reduce,1000000000,10000000,1000,4,3.5659788830999995e12,0,0,0,1,8
dask,scenario_grouped_a1_statistics,1000000000,10000000,1000,4,2.0156292980000034e11,0,0,0,1,8
dask,scenario_table_load,1000000000,10000000,1000,4,3.526712566e11,0,0,0,1,8
dask,scenario_full_table_statistics,1000000000,10000000,1000,4,2.2760374279999997e11,0,0,0,1,8
dask,scenario_count_unique_a1,1000000000,10000000,1000,4,3.507876080000005e10,0,0,0,1,8
dask,scenario_rowwise_sum_and_mean_reduce,1000000000,10000000,1000,4,3.520524456e12,0,0,0,1,8
dask,scenario_grouped_a1_statistics,1000000000,10000000,1000,4,2.1500870619999933e11,0,0,0,1,8
dask,scenario_table_load,1000000000,25000000,1000,4,3.652302183e11,0,0,0,1,8
dask,scenario_full_table_statistics,1000000000,25000000,1000,4,1.9584740820000003e11,0,0,0,1,8
dask,scenario_count_unique_a1,1000000000,25000000,1000,4,3.6110035400000015e10,0,0,0,1,8
dask,scenario_rowwise_sum_and_mean_reduce,1000000000,25000000,1000,4,3.5372464906000005e12,0,0,0,1,8
dask,scenario_grouped_a1_statistics,1000000000,25000000,1000,4,2.2662117209999997e11,0,0,0,1,8
dask,scenario_table_load,1000000000,25000000,1000,4,3.6063467349999994e11,0,0,0,1,8
dask,scenario_full_table_statistics,1000000000,25000000,1000,4,2.1910273929999994e11,0,0,0,1,8
dask,scenario_count_unique_a1,1000000000,25000000,1000,4,4.29551831e10,0,0,0,1,8
dask,scenario_rowwise_sum_and_mean_reduce,1000000000,25000000,1000,4,3.5839126018000005e12,0,0,0,1,8
dask,scenario_grouped_a1_statistics,1000000000,25000000,1000,4,2.1966483900000003e11,0,0,0,1,8
dask,scenario_table_load,1000000000,25000000,1000,4,4.022737757e11,0,0,0,1,8
dask,scenario_full_table_statistics,1000000000,25000000,1000,4,2.0510703690000003e11,0,0,0,1,8
dask,scenario_count_unique_a1,1000000000,25000000,1000,4,4.761597359999996e10,0,0,0,1,8
dask,scenario_rowwise_sum_and_mean_reduce,1000000000,25000000,1000,4,3.5502892310999995e12,0,0,0,1,8
dask,scenario_grouped_a1_statistics,1000000000,25000000,1000,4,2.0727758580000046e11,0,0,0,1,8
dask,scenario_table_load,1000000000,25000000,1000,4,4.337760224e11,0,0,0,1,8
dask,scenario_full_table_statistics,1000000000,25000000,1000,4,2.2441763259999994e11,0,0,0,1,8
dask,scenario_count_unique_a1,1000000000,25000000,1000,4,3.801667279999992e10,0,0,0,1,8
dask,scenario_rowwise_sum_and_mean_reduce,1000000000,25000000,1000,4,3.5330313745999995e12,0,0,0,1,8
dask,scenario_grouped_a1_statistics,1000000000,25000000,1000,4,2.171338171999996e11,0,0,0,1,8
dask,scenario_table_load,1000000000,25000000,1000,4,3.651763285e11,0,0,0,1,8
dask,scenario_full_table_statistics,1000000000,25000000,1000,4,2.102174190999999e11,0,0,0,1,8
dask,scenario_count_unique_a1,1000000000,25000000,1000,4,6.242025060000003e10,0,0,0,1,8
dask,scenario_rowwise_sum_and_mean_reduce,1000000000,25000000,1000,4,3.5460351603e12,0,0,0,1,8
dask,scenario_grouped_a1_statistics,1000000000,25000000,1000,4,2.2214249870000003e11,0,0,0,1,8
dask,scenario_grouped_a1_statistics,1000000000,10000000,10000,4,2.459068e11,0,0,0,1,8
dask,scenario_grouped_a1_statistics,1000000000,25000000,10000,4,2.5287865e11,0,0,0,1,8
dask,scenario_grouped_a1_statistics,1000000000,10000000,1000,4,4.1068e11,0,0,0,1,16
dask,scenario_grouped_a1_statistics,1000000000,10000000,10000,4,4.69806e11,0,0,0,1,16
dask,scenario_grouped_a1_statistics,1000000000,25000000,1000,4,3.49553e11,0,0,0,1,16
dask,scenario_grouped_a1_statistics,1000000000,25000000,10000,4,4.35071e11,0,0,0,1,16
dask,scenario_table_load,1000000000,10000000,1000,4,3.6214964519999994e11,0,0,0,1,16
dask,scenario_full_table_statistics,1000000000,10000000,1000,4,2.397738892e11,0,0,0,1,16
dask,scenario_count_unique_a1,1000000000,10000000,1000,4,3.768593680000004e10,0,0,0,1,16
dask,scenario_table_load,1000000000,10000000,1000,4,3.65699077e11,0,0,0,1,16
dask,scenario_full_table_statistics,1000000000,10000000,1000,4,2.0092465679999997e11,0,0,0,1,16
dask,scenario_count_unique_a1,1000000000,10000000,1000,4,5.2107264099999954e10,0,0,0,1,16
dask,scenario_table_load,1000000000,10000000,1000,4,3.7972751320000006e11,0,0,0,1,16
dask,scenario_full_table_statistics,1000000000,10000000,1000,4,2.4366429399999994e11,0,0,0,1,16
dask,scenario_count_unique_a1,1000000000,10000000,1000,4,3.42638508e10,0,0,0,1,16
dask,scenario_table_load,1000000000,10000000,1000,4,3.8911811420000006e11,0,0,0,1,16
dask,scenario_full_table_statistics,1000000000,10000000,1000,4,2.22400041e11,0,0,0,1,16
dask,scenario_table_load,1000000000,25000000,1000,4,3.752961815e11,0,0,0,1,16
dask,scenario_full_table_statistics,1000000000,25000000,1000,4,2.2824410879999994e11,0,0,0,1,16
dask,scenario_count_unique_a1,1000000000,25000000,1000,4,4.664979919999996e10,0,0,0,1,16
dask,scenario_table_load,1000000000,10000000,10000,4,3.833384909e11,0,0,0,1,8
dask,scenario_full_table_statistics,1000000000,10000000,10000,4,2.320971776e11,0,0,0,1,8
dask,scenario_count_unique_a1,1000000000,10000000,10000,4,3.503058949999991e10,0,0,0,1,8
dask,scenario_table_load,1000000000,25000000,10000,4,4.166937893e11,0,0,0,1,8
dask,scenario_full_table_statistics,1000000000,25000000,10000,4,2.1833850699999994e11,0,0,0,1,8
dask,scenario_count_unique_a1,1000000000,25000000,10000,4,2.8903909999999996e10,0,0,0,1,8
dask,scenario_table_load,1000000000,10000000,10000,4,3.691275352e11,0,0,0,1,16
dask,scenario_full_table_statistics,1000000000,10000000,10000,4,2.3022508770000003e11,0,0,0,1,16
dask,scenario_count_unique_a1,1000000000,10000000,10000,4,3.80936097e10,0,0,0,1,16
dask,scenario_table_load,1000000000,25000000,10000,4,3.865024798e11,0,0,0,1,16
dask,scenario_full_table_statistics,1000000000,25000000,10000,4,2.5184167790000003e11,0,0,0,1,16
dask,scenario_count_unique_a1,1000000000,25000000,10000,4,4.633150769999998e10,0,0,0,1,16
dask,scenario_rowwise_sum_and_mean_reduce,1000000000,10000000,1000,4,3.5687573366999995e12,0,0,0,1,16
dask,scenario_rowwise_sum_and_mean_reduce,1000000000,25000000,1000,4,3.8862641105999995e12,0,0,0,1,16
dask,scenario_rowwise_sum_and_mean_reduce,1000000000,10000000,10000,4,3.6054965617e12,0,0,0,1,8
dask,scenario_rowwise_sum_and_mean_reduce,1000000000,25000000,10000,4,3.6171910079e12,0,0,0,1,8
dask,scenario_rowwise_sum_and_mean_reduce,1000000000,10000000,10000,4,3.582557953e12,0,0,0,1,16
dask,scenario_rowwise_sum_and_mean_reduce,1000000000,25000000,10000,4,3.7826207483e12,0,0,0,1,16
dask,increment_map,10000000,10000000,1000,4,2.8799047000006795e7,0,0,0,4,4
dask,filter_half,10000000,10000000,1000,4,6.12686879999984e8,0,0,0,4,4
dask,reduce_var_all,10000000,10000000,1000,4,1.191989997999997e9,0,0,0,4,4
dask,reduce_var_single,10000000,10000000,1000,4,1.3903288099999145e8,0,0,0,4,4
dask,groupby_single_col,10000000,10000000,1000,4,2.218181078000015e9,0,0,0,4,4
dask,grouped_reduce_mean_singlecol,10000000,10000000,1000,4,4.380378259999986e8,0,0,0,4,4
dask,grouped_reduce_mean_allcols,10000000,10000000,1000,4,5.182398839999962e8,0,0,0,4,4
dask,innerjoin_r_unique,10000000,10000000,1000,4,2.1466559599999754e9,0,0,0,4,4
dask,scenario_table_load,10000000,10000000,1000,4,2.0041518159999895e9,0,0,0,4,4
dask,scenario_full_table_statistics,10000000,10000000,1000,4,1.1402710109999816e9,0,0,0,4,4
dask,scenario_count_unique_a1,10000000,10000000,1000,4,7.751039299998297e7,0,0,0,4,4
dask,scenario_grouped_a1_statistics,10000000,10000000,1000,4,2.309475378000002e9,0,0,0,4,4
dask,scenario_rowwise_sum_and_mean_reduce,10000000,10000000,1000,4,5.829145385199999e10,0,0,0,4,4
dask,increment_map,100000000,10000000,1000,4,4.442455399998835e7,0,0,0,4,4
dask,filter_half,100000000,10000000,1000,4,4.242506683999977e9,0,0,0,4,4
dask,reduce_var_all,100000000,10000000,1000,4,1.444263336000006e9,0,0,0,4,4
dask,reduce_var_single,100000000,10000000,1000,4,1.8534424300003138e8,0,0,0,4,4
dask,groupby_single_col,100000000,10000000,1000,4,4.9282710219999895e9,0,0,0,4,4
dask,grouped_reduce_mean_singlecol,100000000,10000000,1000,4,5.879703769999764e8,0,0,0,4,4
dask,grouped_reduce_mean_allcols,100000000,10000000,1000,4,1.1567341510000234e9,0,0,0,4,4
dask,innerjoin_r_unique,100000000,10000000,1000,4,1.1802092512000002e10,0,0,0,4,4
dask,scenario_table_load,100000000,10000000,1000,4,1.4136152664000008e10,0,0,0,4,4
dask,scenario_full_table_statistics,100000000,10000000,1000,4,7.317552196999998e9,0,0,0,4,4
dask,scenario_count_unique_a1,100000000,10000000,1000,4,1.976332600000319e8,0,0,0,4,4
dask,scenario_grouped_a1_statistics,100000000,10000000,1000,4,3.500256387000036e9,0,0,0,4,4
dask,scenario_rowwise_sum_and_mean_reduce,100000000,10000000,1000,4,1.7867277177199997e11,0,0,0,4,4
dask,increment_map,500000000,10000000,1000,4,2.0204920499998024e8,0,0,0,4,4
dask,filter_half,500000000,10000000,1000,4,2.1118797879e10,0,0,0,4,4
dask,reduce_var_all,500000000,10000000,1000,4,5.504480780999984e9,0,0,0,4,4
dask,reduce_var_single,500000000,10000000,1000,4,7.176793239999597e8,0,0,0,4,4
dask,groupby_single_col,500000000,10000000,1000,4,2.355708121600003e10,0,0,0,4,4
dask,grouped_reduce_mean_singlecol,500000000,10000000,1000,4,2.3850975880000076e9,0,0,0,4,4
dask,grouped_reduce_mean_allcols,500000000,10000000,1000,4,4.37797913299994e9,0,0,0,4,4
dask,innerjoin_r_unique,500000000,10000000,1000,4,5.841616847600005e10,0,0,0,4,4
dask,scenario_table_load,500000000,10000000,1000,4,7.9842022842e10,0,0,0,4,4
dask,scenario_full_table_statistics,500000000,10000000,1000,4,3.557745698700001e10,0,0,0,4,4
dask,scenario_count_unique_a1,500000000,10000000,1000,4,7.264657819999912e8,0,0,0,4,4
dask,scenario_grouped_a1_statistics,500000000,10000000,1000,4,1.3535599013000023e10,0,0,0,4,4
dask,scenario_rowwise_sum_and_mean_reduce,500000000,10000000,1000,4,7.79680804229e11,0,0,0,4,4
dask,increment_map,1000000000,10000000,1000,4,3.203300980001131e8,0,0,0,4,4
dask,filter_half,1000000000,10000000,1000,4,4.204928646999997e10,0,0,0,4,4
dask,reduce_var_all,1000000000,10000000,1000,4,9.722504818000061e9,0,0,0,4,4
dask,reduce_var_single,1000000000,10000000,1000,4,1.2984908749999704e9,0,0,0,4,4
dask,groupby_single_col,1000000000,10000000,1000,4,4.3933878627000015e10,0,0,0,4,4
dask,grouped_reduce_mean_singlecol,1000000000,10000000,1000,4,4.2788613760001225e9,0,0,0,4,4
dask,grouped_reduce_mean_allcols,1000000000,10000000,1000,4,7.73859193699991e9,0,0,0,4,4
dask,innerjoin_r_unique,1000000000,10000000,1000,4,1.1562053519900018e11,0,0,0,4,4
dask,scenario_table_load,1000000000,10000000,1000,4,1.5899416171100027e11,0,0,0,4,4
dask,scenario_full_table_statistics,1000000000,10000000,1000,4,6.992304814199997e10,0,0,0,4,4
dask,scenario_count_unique_a1,1000000000,10000000,1000,4,1.426070632000119e9,0,0,0,4,4
dask,scenario_grouped_a1_statistics,1000000000,10000000,1000,4,2.485041533200001e10,0,0,0,4,4
dask,scenario_rowwise_sum_and_mean_reduce,1000000000,10000000,1000,4,1.534850756464e12,0,0,0,4,4
dask,groupby_single_col,10000000,10000000,10000,4,1.4093664397999418e10,0,0,0,4,4
dask,grouped_reduce_mean_singlecol,10000000,10000000,10000,4,9.63848188999691e8,0,0,0,4,4
dask,grouped_reduce_mean_allcols,10000000,10000000,10000,4,6.169754700003978e8,0,0,0,4,4
dask,innerjoin_r_unique,10000000,10000000,10000,4,2.3071440019994044e9,0,0,0,4,4
dask,scenario_table_load,10000000,10000000,10000,4,1.8206092919999719e9,0,0,0,4,4
dask,scenario_full_table_statistics,10000000,10000000,10000,4,1.1404520739997678e9,0,0,0,4,4
dask,scenario_count_unique_a1,10000000,10000000,10000,4,8.069320999948104e7,0,0,0,4,4
dask,scenario_grouped_a1_statistics,10000000,10000000,10000,4,2.778517705000013e9,0,0,0,4,4
dask,scenario_rowwise_sum_and_mean_reduce,10000000,10000000,10000,4,5.759263054999974e10,0,0,0,4,4
dask,groupby_single_col,100000000,10000000,10000,4,1.7803595846999996e10,0,0,0,4,4
dask,grouped_reduce_mean_singlecol,100000000,10000000,10000,4,1.0138867489995391e9,0,0,0,4,4
dask,grouped_reduce_mean_allcols,100000000,10000000,10000,4,1.22125754300032e9,0,0,0,4,4
dask,innerjoin_r_unique,100000000,10000000,10000,4,1.1970916504000343e10,0,0,0,4,4
dask,scenario_table_load,100000000,10000000,10000,4,1.5266751528999521e10,0,0,0,4,4
dask,scenario_full_table_statistics,100000000,10000000,10000,4,7.3093178339995575e9,0,0,0,4,4
dask,scenario_count_unique_a1,100000000,10000000,10000,4,2.075895739999396e8,0,0,0,4,4
dask,scenario_grouped_a1_statistics,100000000,10000000,10000,4,3.980219274999399e9,0,0,0,4,4
dask,scenario_rowwise_sum_and_mean_reduce,100000000,10000000,10000,4,1.7631902469600027e11,0,0,0,4,4
dask,groupby_single_col,500000000,10000000,10000,4,7.83597732570006e10,0,0,0,4,4
dask,grouped_reduce_mean_singlecol,500000000,10000000,10000,4,2.5078885579996495e9,0,0,0,4,4
dask,grouped_reduce_mean_allcols,500000000,10000000,10000,4,4.758954018000623e9,0,0,0,4,4
dask,innerjoin_r_unique,500000000,10000000,10000,4,5.9706543195999985e10,0,0,0,4,4
dask,scenario_table_load,500000000,10000000,10000,4,8.097739955999986e10,0,0,0,4,4
dask,scenario_full_table_statistics,500000000,10000000,10000,4,3.535165077599959e10,0,0,0,4,4
dask,scenario_count_unique_a1,500000000,10000000,10000,4,7.916794399998252e8,0,0,0,4,4
dask,scenario_grouped_a1_statistics,500000000,10000000,10000,4,1.5229061678999641e10,0,0,0,4,4
dask,scenario_rowwise_sum_and_mean_reduce,500000000,10000000,10000,4,7.785456616020001e11,0,0,0,4,4
dask,groupby_single_col,1000000000,10000000,10000,4,1.4870639694999954e11,0,0,0,4,4
dask,grouped_reduce_mean_singlecol,1000000000,10000000,10000,4,1.3636231636999582e10,0,0,0,4,4
dask,grouped_reduce_mean_allcols,1000000000,10000000,10000,4,9.112250424000195e9,0,0,0,4,4
dask,innerjoin_r_unique,1000000000,10000000,10000,4,1.1683392146700044e11,0,0,0,4,4
dask,scenario_table_load,1000000000,10000000,10000,4,1.6975477616799982e11,0,0,0,4,4
dask,scenario_full_table_statistics,1000000000,10000000,10000,4,3.750761097550003e11,0,0,0,4,4
dask,scenario_count_unique_a1,1000000000,10000000,10000,4,2.084930381999584e9,0,0,0,4,4
dask,scenario_grouped_a1_statistics,1000000000,10000000,10000,4,2.7508022200000595e10,0,0,0,4,4
dask,scenario_rowwise_sum_and_mean_reduce,1000000000,10000000,10000,4,1.4937041754759993e12,0,0,0,4,4
dask,increment_map,10000000,10000000,1000,4,1.5088600000000007e7,0,0,0,1,2
dask,filter_half,10000000,10000000,1000,4,1.0254669999999988e8,0,0,0,1,2
dask,reduce_var_all,10000000,10000000,1000,4,8.304619e8,0,0,0,1,2
dask,reduce_var_single,10000000,10000000,1000,4,9.161580000000025e7,0,0,0,1,2
dask,groupby_single_col,10000000,10000000,1000,4,1.7339749e9,0,0,0,1,2
dask,grouped_reduce_mean_singlecol,10000000,10000000,1000,4,2.5460839999999997e8,0,0,0,1,2
dask,grouped_reduce_mean_allcols,10000000,10000000,1000,4,4.8696319999999994e8,0,0,0,1,2
dask,innerjoin_r_unique,10000000,10000000,1000,4,5.438961e8,0,0,0,1,2
dask,scenario_table_load,10000000,10000000,1000,4,1.760614e9,0,0,0,1,2
dask,scenario_full_table_statistics,10000000,10000000,1000,4,5.046024999999998e8,0,0,0,1,2
dask,scenario_count_unique_a1,10000000,10000000,1000,4,4.339250000000039e7,0,0,0,1,2
dask,scenario_grouped_a1_statistics,10000000,10000000,1000,4,2.2748407000000005e9,0,0,0,1,2
dask,scenario_rowwise_sum_and_mean_reduce,10000000,10000000,1000,4,4.36093597e10,0,0,0,1,2
dask,groupby_single_col,10000000,10000000,10000,4,1.20055736e10,0,0,0,1,2
dask,grouped_reduce_mean_singlecol,10000000,10000000,10000,4,2.952559000000008e8,0,0,0,1,2
dask,grouped_reduce_mean_allcols,10000000,10000000,10000,4,5.654024e8,0,0,0,1,2
dask,innerjoin_r_unique,10000000,10000000,10000,4,7.200688000000001e8,0,0,0,1,2
dask,scenario_table_load,10000000,10000000,10000,4,1.6380043000000002e9,0,0,0,1,2
dask,scenario_full_table_statistics,10000000,10000000,10000,4,5.1883940000000006e8,0,0,0,1,2
dask,scenario_count_unique_a1,10000000,10000000,10000,4,4.800439999999995e7,0,0,0,1,2
dask,scenario_grouped_a1_statistics,10000000,10000000,10000,4,2.597911399999999e9,0,0,0,1,2
dask,scenario_rowwise_sum_and_mean_reduce,10000000,10000000,10000,4,4.28708792e10,0,0,0,1,2
dask,increment_map,10000000,25000000,1000,4,1.809909999999992e7,0,0,0,1,2
dask,filter_half,10000000,25000000,1000,4,1.0293299999999994e8,0,0,0,1,2
dask,reduce_var_all,10000000,25000000,1000,4,8.374818e8,0,0,0,1,2
dask,reduce_var_single,10000000,25000000,1000,4,8.843990000000024e7,0,0,0,1,2
dask,groupby_single_col,10000000,25000000,1000,4,1.7328905e9,0,0,0,1,2
dask,grouped_reduce_mean_singlecol,10000000,25000000,1000,4,2.5467940000000012e8,0,0,0,1,2
dask,grouped_reduce_mean_allcols,10000000,25000000,1000,4,4.948570000000001e8,0,0,0,1,2
dask,innerjoin_r_unique,10000000,25000000,1000,4,5.654839999999999e8,0,0,0,1,2
dask,scenario_table_load,10000000,25000000,1000,4,3.0190893e9,0,0,0,1,2
dask,scenario_full_table_statistics,10000000,25000000,1000,4,1.2613005e9,0,0,0,1,2
dask,scenario_count_unique_a1,10000000,25000000,1000,4,1.1867610000000006e8,0,0,0,1,2
dask,scenario_grouped_a1_statistics,10000000,25000000,1000,4,5.5747301e9,0,0,0,1,2
dask,scenario_rowwise_sum_and_mean_reduce,10000000,25000000,1000,4,1.097132357e11,0,0,0,1,2
dask,increment_map,2000000000,10000000,1000,4,4.852214369966532e8,0,0,0,4,4
dask,filter_half,2000000000,10000000,1000,4,8.559727135299908e10,0,0,0,4,4
dask,reduce_var_all,2000000000,10000000,1000,4,1.7284136286994907e10,0,0,0,4,4
dask,reduce_var_single,2000000000,10000000,1000,4,1.8492714049934876e9,0,0,0,4,4
dask,groupby_single_col,10000000,25000000,10000,4,1.20882463e10,0,0,0,1,2
dask,grouped_reduce_mean_singlecol,10000000,25000000,10000,4,3.326742000000014e8,0,0,0,1,2
dask,grouped_reduce_mean_allcols,10000000,25000000,10000,4,5.765060000000002e8,0,0,0,1,2
dask,innerjoin_r_unique,10000000,25000000,10000,4,7.080611000000001e8,0,0,0,1,2
dask,scenario_table_load,10000000,25000000,10000,4,3.1054041e9,0,0,0,1,2
dask,scenario_full_table_statistics,10000000,25000000,10000,4,1.2102529000000005e9,0,0,0,1,2
dask,scenario_count_unique_a1,10000000,25000000,10000,4,1.0840970000000016e8,0,0,0,1,2
dask,scenario_grouped_a1_statistics,10000000,25000000,10000,4,6.331539699999999e9,0,0,0,1,2
dask,scenario_rowwise_sum_and_mean_reduce,10000000,25000000,10000,4,1.0709831820000002e11,0,0,0,1,2
dask,groupby_single_col,2000000000,10000000,1000,4,8.262736192699959e10,0,0,0,4,4
dask,grouped_reduce_mean_singlecol,2000000000,10000000,1000,4,7.29630753800302e9,0,0,0,4,4
dask,grouped_reduce_mean_allcols,2000000000,10000000,1000,4,1.4870042499998817e10,0,0,0,4,4
dask,increment_map,100000000,10000000,1000,4,9.122229999999987e7,0,0,0,1,2
dask,filter_half,100000000,10000000,1000,4,9.903936e8,0,0,0,1,2
dask,reduce_var_all,100000000,10000000,1000,4,5.1645133e9,0,0,0,1,2
dask,reduce_var_single,100000000,10000000,1000,4,6.722165999999996e8,0,0,0,1,2
dask,groupby_single_col,100000000,10000000,1000,4,1.2068379100000002e10,0,0,0,1,2
dask,grouped_reduce_mean_singlecol,100000000,10000000,1000,4,2.678076899999999e9,0,0,0,1,2
dask,grouped_reduce_mean_allcols,100000000,10000000,1000,4,4.887479600000003e9,0,0,0,1,2
dask,innerjoin_r_unique,100000000,10000000,1000,4,4.3040174e9,0,0,0,1,2
dask,scenario_table_load,100000000,10000000,1000,4,1.20659252e10,0,0,0,1,2
dask,scenario_full_table_statistics,100000000,10000000,1000,4,3.9630647000000005e9,0,0,0,1,2
dask,scenario_count_unique_a1,100000000,10000000,1000,4,3.7278959999999726e8,0,0,0,1,2
dask,scenario_grouped_a1_statistics,100000000,10000000,1000,4,1.6041061600000002e10,0,0,0,1,2
dask,scenario_rowwise_sum_and_mean_reduce,100000000,10000000,1000,4,4.4089064090000006e11,0,0,0,1,2
dask,scenario_table_load,2000000000,10000000,1000,4,3.6461193146299774e11,0,0,0,4,4
dask,scenario_full_table_statistics,2000000000,10000000,1000,4,1.46932324333e11,0,0,0,4,4
dask,scenario_count_unique_a1,2000000000,10000000,1000,4,2.865931234002346e9,0,0,0,4,4
dask,scenario_grouped_a1_statistics,2000000000,10000000,1000,4,4.242954209199525e10,0,0,0,4,4
dask,scenario_rowwise_sum_and_mean_reduce,2000000000,10000000,1000,4,3.0390311869060024e12,0,0,0,4,4
dask,groupby_single_col,100000000,10000000,10000,4,4.54236474e10,0,0,0,1,2
dask,grouped_reduce_mean_singlecol,100000000,10000000,10000,4,3.251262099999998e9,0,0,0,1,2
dask,grouped_reduce_mean_allcols,100000000,10000000,10000,4,5.448057500000005e9,0,0,0,1,2
dask,innerjoin_r_unique,100000000,10000000,10000,4,4.9116898e9,0,0,0,1,2
dask,scenario_table_load,100000000,10000000,10000,4,1.26767828e10,0,0,0,1,2
dask,scenario_full_table_statistics,100000000,10000000,10000,4,3.865324600000001e9,0,0,0,1,2
dask,scenario_count_unique_a1,100000000,10000000,10000,4,3.982138000000006e8,0,0,0,1,2
dask,scenario_grouped_a1_statistics,100000000,10000000,10000,4,1.7872409299999996e10,0,0,0,1,2
dask,scenario_rowwise_sum_and_mean_reduce,100000000,10000000,10000,4,3.994607641e11,0,0,0,1,2
dask,increment_map,100000000,25000000,1000,4,7.652119999999996e7,0,0,0,1,2
dask,filter_half,100000000,25000000,1000,4,8.498849000000001e8,0,0,0,1,2
dask,reduce_var_all,100000000,25000000,1000,4,4.4457584e9,0,0,0,1,2
dask,reduce_var_single,100000000,25000000,1000,4,6.589159000000002e8,0,0,0,1,2
dask,groupby_single_col,100000000,25000000,1000,4,8.887794e9,0,0,0,1,2
dask,grouped_reduce_mean_singlecol,100000000,25000000,1000,4,2.4306128000000005e9,0,0,0,1,2
dask,grouped_reduce_mean_allcols,100000000,25000000,1000,4,4.2027096000000005e9,0,0,0,1,2
dask,innerjoin_r_unique,100000000,25000000,1000,4,3.7354452e9,0,0,0,1,2
dask,scenario_table_load,100000000,25000000,1000,4,1.0229555e10,0,0,0,1,2
dask,scenario_full_table_statistics,100000000,25000000,1000,4,3.3984304000000024e9,0,0,0,1,2
dask,scenario_count_unique_a1,100000000,25000000,1000,4,2.938827999999987e8,0,0,0,1,2
dask,scenario_grouped_a1_statistics,100000000,25000000,1000,4,1.38096229e10,0,0,0,1,2
dask,scenario_rowwise_sum_and_mean_reduce,100000000,25000000,1000,4,3.497025955e11,0,0,0,1,2
dask,groupby_single_col,100000000,25000000,10000,4,2.2732326699999996e10,0,0,0,1,2
dask,grouped_reduce_mean_singlecol,100000000,25000000,10000,4,2.7310680000000005e9,0,0,0,1,2
dask,grouped_reduce_mean_allcols,100000000,25000000,10000,4,4.632195900000003e9,0,0,0,1,2
dask,innerjoin_r_unique,100000000,25000000,10000,4,4.5737852e9,0,0,0,1,2
dask,scenario_table_load,100000000,25000000,10000,4,1.04624029e10,0,0,0,1,2
dask,scenario_full_table_statistics,100000000,25000000,10000,4,3.3661032000000014e9,0,0,0,1,2
dask,scenario_count_unique_a1,100000000,25000000,10000,4,2.986871999999998e8,0,0,0,1,2
dask,scenario_grouped_a1_statistics,100000000,25000000,10000,4,1.5346395999999998e10,0,0,0,1,2
dask,scenario_rowwise_sum_and_mean_reduce,100000000,25000000,10000,4,3.348688925e11,0,0,0,1,2
dask,increment_map,500000000,10000000,1000,4,3.9729159999999994e8,0,0,0,1,2
dask,filter_half,500000000,10000000,1000,4,4.3816817e9,0,0,0,1,2
dask,reduce_var_all,500000000,10000000,1000,4,2.15121531e10,0,0,0,1,2
dask,reduce_var_single,500000000,10000000,1000,4,3.097435700000002e9,0,0,0,1,2
dask,groupby_single_col,500000000,10000000,1000,4,2.37840803e10,0,0,0,1,2
dask,grouped_reduce_mean_singlecol,500000000,10000000,1000,4,1.1492117700000002e10,0,0,0,1,2
dask,grouped_reduce_mean_allcols,500000000,10000000,1000,4,2.0734687700000004e10,0,0,0,1,2
dask,innerjoin_r_unique,500000000,10000000,1000,4,4.514225860000001e10,0,0,0,1,2
dask,scenario_table_load,500000000,10000000,1000,4,5.511223109999999e10,0,0,0,1,2
dask,scenario_full_table_statistics,500000000,10000000,1000,4,1.467209220000001e10,0,0,0,1,2
dask,scenario_count_unique_a1,500000000,10000000,1000,4,1.4751877000000064e9,0,0,0,1,2
dask,scenario_grouped_a1_statistics,500000000,10000000,1000,4,6.04855651e10,0,0,0,1,2
dask,scenario_rowwise_sum_and_mean_reduce,500000000,10000000,1000,4,1.6851784559e12,0,0,0,1,2
dask,groupby_single_col,500000000,10000000,10000,4,2.5203196400000004e10,0,0,0,1,2
dask,grouped_reduce_mean_singlecol,500000000,10000000,10000,4,1.2701544500000004e10,0,0,0,1,2
dask,grouped_reduce_mean_allcols,500000000,10000000,10000,4,2.3329325799999992e10,0,0,0,1,2
dask,innerjoin_r_unique,500000000,10000000,10000,4,4.71874683e10,0,0,0,1,2
dask,scenario_table_load,500000000,10000000,10000,4,5.21125102e10,0,0,0,1,2
dask,scenario_full_table_statistics,500000000,10000000,10000,4,1.4500252900000006e10,0,0,0,1,2
dask,scenario_count_unique_a1,500000000,10000000,10000,4,1.5531813999999998e9,0,0,0,1,2
dask,scenario_grouped_a1_statistics,500000000,10000000,10000,4,6.950182570000002e10,0,0,0,1,2
dask,scenario_rowwise_sum_and_mean_reduce,500000000,10000000,10000,4,1.6952616602e12,0,0,0,1,2
dask,groupby_single_col,2000000000,10000000,10000,4,2.8376469573099896e11,0,0,0,4,4
dask,grouped_reduce_mean_singlecol,2000000000,10000000,10000,4,8.565913806996832e9,0,0,0,4,4
dask,grouped_reduce_mean_allcols,2000000000,10000000,10000,4,1.4930468368998846e10,0,0,0,4,4
dask,scenario_table_load,2000000000,10000000,10000,4,3.822061087080001e11,0,0,0,4,4
dask,scenario_full_table_statistics,2000000000,10000000,10000,4,1.7151988927999628e11,0,0,0,4,4
dask,scenario_count_unique_a1,2000000000,10000000,10000,4,3.2858200800037594e9,0,0,0,4,4
dask,scenario_grouped_a1_statistics,2000000000,10000000,10000,4,4.858973528500064e10,0,0,0,4,4
dask,scenario_rowwise_sum_and_mean_reduce,2000000000,10000000,10000,4,3.004468127289998e12,0,0,0,4,4
dask,increment_map,500000000,25000000,1000,4,3.845055000000004e8,0,0,0,1,2
dask,filter_half,500000000,25000000,1000,4,4.240024900000001e9,0,0,0,1,2
dask,reduce_var_all,500000000,25000000,1000,4,2.1232279499999996e10,0,0,0,1,2
dask,reduce_var_single,500000000,25000000,1000,4,3.0629845000000024e9,0,0,0,1,2
dask,groupby_single_col,500000000,25000000,1000,4,5.54488196e10,0,0,0,1,2
dask,grouped_reduce_mean_singlecol,500000000,25000000,1000,4,1.4814611899999996e10,0,0,0,1,2
dask,grouped_reduce_mean_allcols,500000000,25000000,1000,4,2.0020778000000008e10,0,0,0,1,2
dask,innerjoin_r_unique,500000000,25000000,1000,4,3.78938604e10,0,0,0,1,2
dask,scenario_table_load,500000000,25000000,1000,4,5.01906643e10,0,0,0,1,2
dask,scenario_full_table_statistics,500000000,25000000,1000,4,1.4450531299999994e10,0,0,0,1,2
dask,scenario_count_unique_a1,500000000,25000000,1000,4,1.3737639999999943e9,0,0,0,1,2
dask,scenario_grouped_a1_statistics,500000000,25000000,1000,4,5.8278289300000015e10,0,0,0,1,2
dask,scenario_rowwise_sum_and_mean_reduce,500000000,25000000,1000,4,1.6910063118e12,0,0,0,1,2
dask,groupby_single_col,500000000,25000000,10000,4,1.04639614e11,0,0,0,1,2
dask,grouped_reduce_mean_singlecol,500000000,25000000,10000,4,1.5370582299999996e10,0,0,0,1,2
dask,grouped_reduce_mean_allcols,500000000,25000000,10000,4,2.190013299999998e10,0,0,0,1,2
dask,innerjoin_r_unique,500000000,25000000,10000,4,4.55600232e10,0,0,0,1,2
dask,scenario_table_load,500000000,25000000,10000,4,5.13893565e10,0,0,0,1,2
dask,scenario_full_table_statistics,500000000,25000000,10000,4,1.4243761199999994e10,0,0,0,1,2
dask,scenario_count_unique_a1,500000000,25000000,10000,4,1.4654517999999967e9,0,0,0,1,2
dask,scenario_grouped_a1_statistics,500000000,25000000,10000,4,6.7575760499999985e10,0,0,0,1,2
dask,scenario_rowwise_sum_and_mean_reduce,500000000,25000000,10000,4,1.710967611e12,0,0,0,1,2
dask,increment_map,10000000,10000000,1000,4,2.9476951000106055e7,0,0,0,8,4
dask,filter_half,10000000,10000000,1000,4,6.67431421999936e8,0,0,0,8,4
dask,reduce_var_all,10000000,10000000,1000,4,1.1870568099984667e9,0,0,0,8,4
dask,reduce_var_single,10000000,10000000,1000,4,1.3842450099764392e8,0,0,0,8,4
dask,groupby_single_col,10000000,10000000,1000,4,2.84253682900453e9,0,0,0,8,4
dask,grouped_reduce_mean_singlecol,10000000,10000000,1000,4,3.584242569995695e8,0,0,0,8,4
dask,grouped_reduce_mean_allcols,10000000,10000000,1000,4,5.2255589800188315e8,0,0,0,8,4
dask,innerjoin_r_unique,10000000,10000000,1000,4,2.2441504000016723e9,0,0,0,8,4
dask,scenario_table_load,10000000,10000000,1000,4,2.0522866520041134e9,0,0,0,8,4
dask,scenario_full_table_statistics,10000000,10000000,1000,4,1.1612617499995394e9,0,0,0,8,4
dask,scenario_count_unique_a1,10000000,10000000,1000,4,7.822915800352348e7,0,0,0,8,4
dask,scenario_grouped_a1_statistics,10000000,10000000,1000,4,2.431694542996411e9,0,0,0,8,4
dask,scenario_rowwise_sum_and_mean_reduce,10000000,10000000,1000,4,5.9032863631997314e10,0,0,0,8,4
dask,groupby_single_col,10000000,10000000,10000,4,1.796039993600425e10,0,0,0,8,4
dask,grouped_reduce_mean_singlecol,10000000,10000000,10000,4,1.3503641710049124e9,0,0,0,8,4
dask,grouped_reduce_mean_allcols,10000000,10000000,10000,4,5.879261409936589e8,0,0,0,8,4
dask,innerjoin_r_unique,10000000,10000000,10000,4,2.3175194209979963e9,0,0,0,8,4
dask,scenario_table_load,10000000,10000000,10000,4,1.81269357400015e9,0,0,0,8,4
dask,scenario_full_table_statistics,10000000,10000000,10000,4,1.1489815109962366e9,0,0,0,8,4
dask,scenario_count_unique_a1,10000000,10000000,10000,4,7.521698100026697e7,0,0,0,8,4
dask,scenario_grouped_a1_statistics,10000000,10000000,10000,4,2.781085324997548e9,0,0,0,8,4
dask,scenario_rowwise_sum_and_mean_reduce,10000000,10000000,10000,4,5.9681000313001274e10,0,0,0,8,4
dask,increment_map,100000000,10000000,1000,4,3.848812900105259e7,0,0,0,8,4
dask,filter_half,100000000,10000000,1000,4,4.201306069000566e9,0,0,0,8,4
dask,reduce_var_all,100000000,10000000,1000,4,1.370918510001502e9,0,0,0,8,4
dask,reduce_var_single,100000000,10000000,1000,4,1.7319972299446818e8,0,0,0,8,4
dask,groupby_single_col,100000000,10000000,1000,4,4.36648541699833e9,0,0,0,8,4
dask,grouped_reduce_mean_singlecol,100000000,10000000,1000,4,5.48504917001992e8,0,0,0,8,4
dask,grouped_reduce_mean_allcols,100000000,10000000,1000,4,8.085978220042307e8,0,0,0,8,4
dask,innerjoin_r_unique,100000000,10000000,1000,4,1.2154988566006067e10,0,0,0,8,4
dask,scenario_table_load,100000000,10000000,1000,4,1.4250786030999735e10,0,0,0,8,4
dask,scenario_full_table_statistics,100000000,10000000,1000,4,7.152791131004051e9,0,0,0,8,4
dask,scenario_count_unique_a1,100000000,10000000,1000,4,1.4838067300297552e8,0,0,0,8,4
dask,scenario_grouped_a1_statistics,100000000,10000000,1000,4,2.838790337998944e9,0,0,0,8,4
dask,scenario_rowwise_sum_and_mean_reduce,100000000,10000000,1000,4,1.1920250890999887e11,0,0,0,8,4
dask,groupby_single_col,100000000,10000000,10000,4,1.2444518702002825e10,0,0,0,8,4
dask,grouped_reduce_mean_singlecol,100000000,10000000,10000,4,1.1871621800019057e9,0,0,0,8,4
dask,grouped_reduce_mean_allcols,100000000,10000000,10000,4,8.127681519981706e8,0,0,0,8,4
dask,innerjoin_r_unique,100000000,10000000,10000,4,1.1925034824002068e10,0,0,0,8,4
dask,scenario_table_load,100000000,10000000,10000,4,1.493606584599911e10,0,0,0,8,4
dask,scenario_full_table_statistics,100000000,10000000,10000,4,7.1377515939966545e9,0,0,0,8,4
dask,scenario_count_unique_a1,100000000,10000000,10000,4,1.5915737300383624e8,0,0,0,8,4
dask,scenario_grouped_a1_statistics,100000000,10000000,10000,4,3.287954785999318e9,0,0,0,8,4
dask,scenario_rowwise_sum_and_mean_reduce,100000000,10000000,10000,4,1.1957544238799892e11,0,0,0,8,4
dask,increment_map,500000000,10000000,1000,4,1.0989746599807404e8,0,0,0,8,4
dask,filter_half,500000000,10000000,1000,4,2.0322640534999664e10,0,0,0,8,4
dask,reduce_var_all,500000000,10000000,1000,4,3.290585817005194e9,0,0,0,8,4
dask,reduce_var_single,500000000,10000000,1000,4,4.310291030051303e8,0,0,0,8,4
dask,groupby_single_col,500000000,10000000,1000,4,1.4466227205004543e10,0,0,0,8,4
dask,grouped_reduce_mean_singlecol,500000000,10000000,1000,4,1.324953071998607e9,0,0,0,8,4
dask,grouped_reduce_mean_allcols,500000000,10000000,1000,4,2.743928005998896e9,0,0,0,8,4
dask,innerjoin_r_unique,500000000,10000000,1000,4,5.562537486699876e10,0,0,0,8,4
dask,scenario_table_load,500000000,10000000,1000,4,8.051105167299829e10,0,0,0,8,4
dask,scenario_full_table_statistics,500000000,10000000,1000,4,3.285505409399775e10,0,0,0,8,4
dask,scenario_count_unique_a1,500000000,10000000,1000,4,4.5778867800254375e8,0,0,0,8,4
dask,scenario_grouped_a1_statistics,500000000,10000000,1000,4,7.690361581997422e9,0,0,0,8,4
dask,scenario_rowwise_sum_and_mean_reduce,500000000,10000000,1000,4,4.252501291289955e11,0,0,0,8,4
dask,increment_map,1000000000,10000000,1000,4,3.88125875e10,0,0,0,1,2
dask,filter_half,1000000000,10000000,1000,4,5.06014252e10,0,0,0,1,2
dask,reduce_var_all,1000000000,10000000,1000,4,4.698592310000001e10,0,0,0,1,2
dask,reduce_var_single,1000000000,10000000,1000,4,2.341930389999999e10,0,0,0,1,2
dask,groupby_single_col,1000000000,10000000,1000,4,1.881937444e11,0,0,0,1,2
dask,grouped_reduce_mean_singlecol,1000000000,10000000,1000,4,4.808242369999999e10,0,0,0,1,2
dask,grouped_reduce_mean_allcols,1000000000,10000000,1000,4,6.460504279999998e10,0,0,0,1,2
dask,innerjoin_r_unique,1000000000,10000000,1000,4,2.4694050729999997e11,0,0,0,1,2
dask,groupby_single_col,500000000,10000000,10000,4,4.514259372800007e10,0,0,0,8,4
dask,grouped_reduce_mean_singlecol,500000000,10000000,10000,4,2.010720359001425e9,0,0,0,8,4
dask,grouped_reduce_mean_allcols,500000000,10000000,10000,4,2.5528531079980893e9,0,0,0,8,4
dask,innerjoin_r_unique,500000000,10000000,10000,4,5.516459983099776e10,0,0,0,8,4
dask,scenario_table_load,500000000,10000000,10000,4,8.196440147700195e10,0,0,0,8,4
dask,scenario_full_table_statistics,500000000,10000000,10000,4,3.295634176299791e10,0,0,0,8,4
dask,scenario_count_unique_a1,500000000,10000000,10000,4,4.865003759987303e8,0,0,0,8,4
dask,scenario_grouped_a1_statistics,500000000,10000000,10000,4,8.919773164001526e9,0,0,0,8,4
dask,scenario_rowwise_sum_and_mean_reduce,500000000,10000000,10000,4,4.204167881590038e11,0,0,0,8,4
dask,scenario_table_load,1000000000,10000000,1000,4,3.554968892e11,0,0,0,1,2
dask,scenario_full_table_statistics,1000000000,10000000,1000,4,2.0798809159999997e11,0,0,0,1,2
dask,scenario_count_unique_a1,1000000000,10000000,1000,4,4.480059200000005e10,0,0,0,1,2
dask,scenario_grouped_a1_statistics,1000000000,10000000,1000,4,2.558134732000001e11,0,0,0,1,2
dask,scenario_rowwise_sum_and_mean_reduce,1000000000,10000000,1000,4,3.4641986e12,0,0,0,1,2
dask,increment_map,1000000000,10000000,1000,4,2.2005149199685547e8,0,0,0,8,4
dask,filter_half,1000000000,10000000,1000,4,4.063730545400176e10,0,0,0,8,4
dask,reduce_var_all,1000000000,10000000,1000,4,5.912356877001002e9,0,0,0,8,4
dask,reduce_var_single,1000000000,10000000,1000,4,7.794312740006717e8,0,0,0,8,4
dask,groupby_single_col,1000000000,10000000,1000,4,2.591602052700182e10,0,0,0,8,4
dask,grouped_reduce_mean_singlecol,1000000000,10000000,1000,4,2.804084941999463e9,0,0,0,8,4
dask,grouped_reduce_mean_allcols,1000000000,10000000,1000,4,4.618209387997922e9,0,0,0,8,4
dask,innerjoin_r_unique,1000000000,10000000,1000,4,1.1394102560099419e11,0,0,0,8,4
dask,scenario_table_load,1000000000,10000000,1000,4,1.6335082461099954e11,0,0,0,8,4
dask,scenario_full_table_statistics,1000000000,10000000,1000,4,6.824374806299602e10,0,0,0,8,4
dask,scenario_count_unique_a1,1000000000,10000000,1000,4,8.223399780035834e8,0,0,0,8,4
dask,scenario_grouped_a1_statistics,1000000000,10000000,1000,4,1.4559514242995647e10,0,0,0,8,4
dask,scenario_rowwise_sum_and_mean_reduce,1000000000,10000000,1000,4,7.918186413099974e11,0,0,0,8,4
dask,groupby_single_col,1000000000,10000000,10000,4,8.625668911400134e10,0,0,0,8,4
dask,grouped_reduce_mean_singlecol,1000000000,10000000,10000,4,2.7855141469990487e9,0,0,0,8,4
dask,grouped_reduce_mean_allcols,1000000000,10000000,10000,4,4.553025182001875e9,0,0,0,8,4
dask,innerjoin_r_unique,1000000000,10000000,10000,4,1.1321265838699765e11,0,0,0,8,4
dask,scenario_table_load,1000000000,10000000,10000,4,1.7008723073599686e11,0,0,0,8,4
dask,scenario_full_table_statistics,1000000000,10000000,10000,4,6.6653174590996056e10,0,0,0,8,4
dask,scenario_count_unique_a1,1000000000,10000000,10000,4,8.025929249997716e8,0,0,0,8,4
dask,scenario_grouped_a1_statistics,1000000000,10000000,10000,4,1.6082663193999907e10,0,0,0,8,4
dask,scenario_rowwise_sum_and_mean_reduce,1000000000,10000000,10000,4,7.804552833570051e11,0,0,0,8,4
dask,increment_map,2000000000,10000000,1000,4,4.0342906799924093e8,0,0,0,8,4
dask,filter_half,2000000000,10000000,1000,4,8.087943218400323e10,0,0,0,8,4
dask,reduce_var_all,2000000000,10000000,1000,4,9.961296456000128e9,0,0,0,8,4
dask,reduce_var_single,2000000000,10000000,1000,4,1.3840070389996982e9,0,0,0,8,4
dask,groupby_single_col,2000000000,10000000,1000,4,4.9435572054004295e10,0,0,0,8,4
dask,grouped_reduce_mean_singlecol,2000000000,10000000,1000,4,4.958947177001391e9,0,0,0,8,4
dask,grouped_reduce_mean_allcols,2000000000,10000000,1000,4,8.021783456002595e9,0,0,0,8,4
dask,scenario_table_load,2000000000,10000000,1000,4,3.588351081069995e11,0,0,0,8,4
dask,scenario_full_table_statistics,2000000000,10000000,1000,4,1.4806124187800015e11,0,0,0,8,4
dask,scenario_count_unique_a1,2000000000,10000000,1000,4,1.59454588600056e9,0,0,0,8,4
dask,scenario_grouped_a1_statistics,2000000000,10000000,1000,4,3.0761834935998196e10,0,0,0,8,4
dask,scenario_rowwise_sum_and_mean_reduce,2000000000,10000000,1000,4,1.5891820219939983e12,0,0,0,8,4
dask,groupby_single_col,1000000000,10000000,10000,4,4.2866738949999994e11,0,0,0,1,2
dask,grouped_reduce_mean_singlecol,1000000000,10000000,10000,4,5.055112959999997e10,0,0,0,1,2
dask,grouped_reduce_mean_allcols,1000000000,10000000,10000,4,6.98193966e10,0,0,0,1,2
dask,innerjoin_r_unique,1000000000,10000000,10000,4,2.387140164e11,0,0,0,1,2
dask,scenario_table_load,1000000000,10000000,10000,4,3.671420979e11,0,0,0,1,2
dask,scenario_full_table_statistics,1000000000,10000000,10000,4,2.205522321000001e11,0,0,0,1,2
dask,scenario_count_unique_a1,1000000000,10000000,10000,4,5.414846899999998e10,0,0,0,1,2
dask,scenario_grouped_a1_statistics,1000000000,10000000,10000,4,2.5982996909999985e11,0,0,0,1,2
dask,scenario_rowwise_sum_and_mean_reduce,1000000000,10000000,10000,4,3.4670716339e12,0,0,0,1,2
dask,groupby_single_col,2000000000,10000000,10000,4,1.6267846627200198e11,0,0,0,8,4
dask,grouped_reduce_mean_singlecol,2000000000,10000000,10000,4,1.962647257000208e10,0,0,0,8,4
dask,grouped_reduce_mean_allcols,2000000000,10000000,10000,4,9.103113785997267e9,0,0,0,8,4
dask,scenario_table_load,2000000000,10000000,10000,4,3.731513578119993e11,0,0,0,8,4
dask,scenario_full_table_statistics,2000000000,10000000,10000,4,1.375925285129997e11,0,0,0,8,4
dask,scenario_count_unique_a1,2000000000,10000000,10000,4,1.8338104389986255e9,0,0,0,8,4
dask,scenario_grouped_a1_statistics,2000000000,10000000,10000,4,3.08700929810002e10,0,0,0,8,4
dask,scenario_rowwise_sum_and_mean_reduce,2000000000,10000000,10000,4,1.5828204868390022e12,0,0,0,8,4
dask,increment_map,1000000000,25000000,1000,4,3.2057535700000004e10,0,0,0,1,2
dask,filter_half,1000000000,25000000,1000,4,4.46256027e10,0,0,0,1,2
dask,reduce_var_all,1000000000,25000000,1000,4,4.532144340000001e10,0,0,0,1,2
dask,reduce_var_single,1000000000,25000000,1000,4,2.4042609900000004e10,0,0,0,1,2
dask,groupby_single_col,1000000000,25000000,1000,4,6.08650176e10,0,0,0,1,2
dask,grouped_reduce_mean_singlecol,1000000000,25000000,1000,4,4.7018337800000015e10,0,0,0,1,2
dask,grouped_reduce_mean_allcols,1000000000,25000000,1000,4,6.342724849999999e10,0,0,0,1,2
dask,innerjoin_r_unique,1000000000,25000000,1000,4,2.203579226e11,0,0,0,1,2
dask,scenario_table_load,1000000000,25000000,1000,4,3.6016192490000006e11,0,0,0,1,2
dask,scenario_full_table_statistics,1000000000,25000000,1000,4,2.077779006999999e11,0,0,0,1,2
dask,scenario_count_unique_a1,1000000000,25000000,1000,4,4.966468589999999e10,0,0,0,1,2
dask,scenario_grouped_a1_statistics,1000000000,25000000,1000,4,2.3756573079999988e11,0,0,0,1,2
dask,scenario_rowwise_sum_and_mean_reduce,1000000000,25000000,1000,4,3.469169062e12,0,0,0,1,2
dask,groupby_single_col,1000000000,25000000,10000,4,6.289657319999999e10,0,0,0,1,2
dask,grouped_reduce_mean_singlecol,1000000000,25000000,10000,4,4.835153150000001e10,0,0,0,1,2
dask,grouped_reduce_mean_allcols,1000000000,25000000,10000,4,6.919461289999998e10,0,0,0,1,2
dask,innerjoin_r_unique,1000000000,25000000,10000,4,2.3147012279999997e11,0,0,0,1,2
dask,scenario_table_load,1000000000,25000000,10000,4,3.589672885e11,0,0,0,1,2
dask,scenario_full_table_statistics,1000000000,25000000,10000,4,2.2542477510000003e11,0,0,0,1,2
dask,scenario_count_unique_a1,1000000000,25000000,10000,4,4.237007000000005e10,0,0,0,1,2
dask,scenario_grouped_a1_statistics,1000000000,25000000,10000,4,2.5607482889999994e11,0,0,0,1,2
dask,scenario_rowwise_sum_and_mean_reduce,1000000000,25000000,10000,4,3.5548343791999995e12,0,0,0,1,2
dask,increment_map,10000000,10000000,1000,4,1.5942799999999924e7,0,0,0,1,4
dask,filter_half,10000000,10000000,1000,4,9.569660000000013e7,0,0,0,1,4
dask,reduce_var_all,10000000,10000000,1000,4,7.354824e8,0,0,0,1,4
dask,reduce_var_single,10000000,10000000,1000,4,1.0110129999999984e8,0,0,0,1,4
dask,groupby_single_col,10000000,10000000,1000,4,1.2568783e9,0,0,0,1,4
dask,grouped_reduce_mean_singlecol,10000000,10000000,1000,4,2.2134890000000018e8,0,0,0,1,4
dask,grouped_reduce_mean_allcols,10000000,10000000,1000,4,4.523370999999998e8,0,0,0,1,4
dask,innerjoin_r_unique,10000000,10000000,1000,4,5.096572000000001e8,0,0,0,1,4
dask,scenario_table_load,10000000,10000000,1000,4,1.3358761e9,0,0,0,1,4
dask,scenario_full_table_statistics,10000000,10000000,1000,4,4.584381999999998e8,0,0,0,1,4
dask,scenario_count_unique_a1,10000000,10000000,1000,4,3.516990000000009e7,0,0,0,1,4
dask,scenario_grouped_a1_statistics,10000000,10000000,1000,4,1.7610194999999998e9,0,0,0,1,4
dask,scenario_rowwise_sum_and_mean_reduce,10000000,10000000,1000,4,3.4236021899999996e10,0,0,0,1,4
dask,groupby_single_col,10000000,10000000,10000,4,8.2616263e9,0,0,0,1,4
dask,grouped_reduce_mean_singlecol,10000000,10000000,10000,4,2.711840999999993e8,0,0,0,1,4
dask,grouped_reduce_mean_allcols,10000000,10000000,10000,4,5.868128000000006e8,0,0,0,1,4
dask,innerjoin_r_unique,10000000,10000000,10000,4,5.933817000000001e8,0,0,0,1,4
dask,scenario_table_load,10000000,10000000,10000,4,1.2576209e9,0,0,0,1,4
dask,scenario_full_table_statistics,10000000,10000000,10000,4,4.6151389999999994e8,0,0,0,1,4
dask,scenario_count_unique_a1,10000000,10000000,10000,4,3.747780000000001e7,0,0,0,1,4
dask,scenario_grouped_a1_statistics,10000000,10000000,10000,4,2.1571952e9,0,0,0,1,4
dask,scenario_rowwise_sum_and_mean_reduce,10000000,10000000,10000,4,3.44483873e10,0,0,0,1,4
dask,increment_map,10000000,25000000,1000,4,1.4112699999999978e7,0,0,0,1,4
dask,filter_half,10000000,25000000,1000,4,9.025269999999997e7,0,0,0,1,4
dask,reduce_var_all,10000000,25000000,1000,4,6.423291e8,0,0,0,1,4
dask,reduce_var_single,10000000,25000000,1000,4,8.261470000000015e7,0,0,0,1,4
dask,groupby_single_col,10000000,25000000,1000,4,1.2816773999999998e9,0,0,0,1,4
dask,grouped_reduce_mean_singlecol,10000000,25000000,1000,4,2.1093830000000003e8,0,0,0,1,4
dask,grouped_reduce_mean_allcols,10000000,25000000,1000,4,4.100652999999999e8,0,0,0,1,4
dask,innerjoin_r_unique,10000000,25000000,1000,4,4.759806e8,0,0,0,1,4
dask,scenario_table_load,10000000,25000000,1000,4,2.491082e9,0,0,0,1,4
dask,scenario_full_table_statistics,10000000,25000000,1000,4,1.0761078e9,0,0,0,1,4
dask,scenario_count_unique_a1,10000000,25000000,1000,4,7.881039999999917e7,0,0,0,1,4
dask,scenario_grouped_a1_statistics,10000000,25000000,1000,4,4.295761399999999e9,0,0,0,1,4
dask,scenario_rowwise_sum_and_mean_reduce,10000000,25000000,1000,4,8.57840357e10,0,0,0,1,4
dask,groupby_single_col,10000000,25000000,10000,4,8.1412587e9,0,0,0,1,4
dask,grouped_reduce_mean_singlecol,10000000,25000000,10000,4,2.832209999999993e8,0,0,0,1,4
dask,grouped_reduce_mean_allcols,10000000,25000000,10000,4,6.84376799999999e8,0,0,0,1,4
dask,innerjoin_r_unique,10000000,25000000,10000,4,6.156424e8,0,0,0,1,4
dask,scenario_table_load,10000000,25000000,10000,4,2.5904081e9,0,0,0,1,4
dask,scenario_full_table_statistics,10000000,25000000,10000,4,1.0480635000000005e9,0,0,0,1,4
dask,scenario_count_unique_a1,10000000,25000000,10000,4,8.03180000000001e7,0,0,0,1,4
dask,scenario_grouped_a1_statistics,10000000,25000000,10000,4,5.187574000000001e9,0,0,0,1,4
dask,increment_map,10000000,10000000,1000,4,1.3721399999999885e7,0,0,0,1,4
dask,filter_half,10000000,10000000,1000,4,8.818199999999999e7,0,0,0,1,4
dask,reduce_var_all,10000000,10000000,1000,4,6.452591000000001e8,0,0,0,1,4
dask,reduce_var_single,10000000,10000000,1000,4,8.169299999999979e7,0,0,0,1,4
dask,groupby_single_col,10000000,10000000,1000,4,1.1822286e9,0,0,0,1,4
dask,grouped_reduce_mean_singlecol,10000000,10000000,1000,4,2.490899000000002e8,0,0,0,1,4
dask,grouped_reduce_mean_allcols,10000000,10000000,1000,4,4.1299730000000024e8,0,0,0,1,4
dask,innerjoin_r_unique,10000000,10000000,1000,4,4.766494e8,0,0,0,1,4
dask,scenario_table_load,10000000,10000000,1000,4,2.5356631e9,0,0,0,1,4
dask,scenario_full_table_statistics,10000000,10000000,1000,4,1.0913092999999998e9,0,0,0,1,4
dask,scenario_count_unique_a1,10000000,10000000,1000,4,8.264490000000001e7,0,0,0,1,4
dask,scenario_grouped_a1_statistics,10000000,10000000,1000,4,5.384421e9,0,0,0,1,4
dask,scenario_rowwise_sum_and_mean_reduce,10000000,10000000,1000,4,8.43016774e10,0,0,0,1,4
dask,groupby_single_col,10000000,10000000,10000,4,7.9632368e9,0,0,0,1,4
dask,grouped_reduce_mean_singlecol,10000000,10000000,10000,4,2.842422000000013e8,0,0,0,1,4
dask,grouped_reduce_mean_allcols,10000000,10000000,10000,4,4.842783999999991e8,0,0,0,1,4
dask,innerjoin_r_unique,10000000,10000000,10000,4,5.800699e8,0,0,0,1,4
dask,scenario_table_load,10000000,10000000,10000,4,1.2651764e9,0,0,0,1,4
dask,scenario_full_table_statistics,10000000,10000000,10000,4,4.6196020000000006e8,0,0,0,1,4
dask,scenario_count_unique_a1,10000000,10000000,10000,4,3.567739999999997e7,0,0,0,1,4
dask,scenario_grouped_a1_statistics,10000000,10000000,10000,4,2.1143463000000002e9,0,0,0,1,4
dask,scenario_rowwise_sum_and_mean_reduce,10000000,10000000,10000,4,3.3953332700000004e10,0,0,0,1,4
dask,increment_map,10000000,25000000,1000,4,1.5931099999999976e7,0,0,0,1,4
dask,filter_half,10000000,25000000,1000,4,8.993569999999996e7,0,0,0,1,4
dask,reduce_var_all,10000000,25000000,1000,4,6.583359000000001e8,0,0,0,1,4
dask,reduce_var_single,10000000,25000000,1000,4,8.398700000000003e7,0,0,0,1,4
dask,groupby_single_col,10000000,25000000,1000,4,1.2082148e9,0,0,0,1,4
dask,grouped_reduce_mean_singlecol,10000000,25000000,1000,4,2.5175219999999988e8,0,0,0,1,4
dask,grouped_reduce_mean_allcols,10000000,25000000,1000,4,4.438908000000001e8,0,0,0,1,4
dask,innerjoin_r_unique,10000000,25000000,1000,4,4.882460999999999e8,0,0,0,1,4
dask,scenario_table_load,10000000,25000000,1000,4,2.5422574e9,0,0,0,1,4
dask,scenario_full_table_statistics,10000000,25000000,1000,4,1.0763954e9,0,0,0,1,4
dask,scenario_count_unique_a1,10000000,25000000,1000,4,7.606460000000048e7,0,0,0,1,4
dask,scenario_grouped_a1_statistics,10000000,25000000,1000,4,4.6059188e9,0,0,0,1,4
dask,scenario_rowwise_sum_and_mean_reduce,10000000,25000000,1000,4,8.8392057e10,0,0,0,1,4
dask,groupby_single_col,10000000,25000000,10000,4,8.4486861e9,0,0,0,1,4
dask,grouped_reduce_mean_singlecol,10000000,25000000,10000,4,2.890377999999991e8,0,0,0,1,4
dask,grouped_reduce_mean_allcols,10000000,25000000,10000,4,5.730298999999999e8,0,0,0,1,4
dask,innerjoin_r_unique,10000000,25000000,10000,4,6.297602e8,0,0,0,1,4
dask,scenario_table_load,10000000,25000000,10000,4,2.7490242e9,0,0,0,1,4
dask,scenario_full_table_statistics,10000000,25000000,10000,4,1.0999635999999998e9,0,0,0,1,4
dask,scenario_count_unique_a1,10000000,25000000,10000,4,8.763330000000025e7,0,0,0,1,4
dask,scenario_grouped_a1_statistics,10000000,25000000,10000,4,5.288334100000001e9,0,0,0,1,4
dask,scenario_rowwise_sum_and_mean_reduce,10000000,25000000,10000,4,8.649256580000002e10,0,0,0,1,4
dask,increment_map,100000000,10000000,1000,4,7.75180999999998e7,0,0,0,1,4
dask,filter_half,100000000,10000000,1000,4,8.171355e8,0,0,0,1,4
dask,reduce_var_all,100000000,10000000,1000,4,3.3575714000000005e9,0,0,0,1,4
dask,reduce_var_single,100000000,10000000,1000,4,5.458306999999998e8,0,0,0,1,4
dask,groupby_single_col,100000000,10000000,1000,4,9.662609499999998e9,0,0,0,1,4
dask,grouped_reduce_mean_singlecol,100000000,10000000,1000,4,1.7514920000000007e9,0,0,0,1,4
dask,grouped_reduce_mean_allcols,100000000,10000000,1000,4,3.1601693000000014e9,0,0,0,1,4
dask,innerjoin_r_unique,100000000,10000000,1000,4,3.2578946e9,0,0,0,1,4
dask,scenario_table_load,100000000,10000000,1000,4,9.8929544e9,0,0,0,1,4
dask,scenario_full_table_statistics,100000000,10000000,1000,4,2.8947684000000005e9,0,0,0,1,4
dask,scenario_count_unique_a1,100000000,10000000,1000,4,3.0356860000000197e8,0,0,0,1,4
dask,scenario_grouped_a1_statistics,100000000,10000000,1000,4,1.07588318e10,0,0,0,1,4
dask,scenario_rowwise_sum_and_mean_reduce,100000000,10000000,1000,4,3.49301894e11,0,0,0,1,4
dask,groupby_single_col,100000000,10000000,10000,4,3.675978e10,0,0,0,1,4
dask,grouped_reduce_mean_singlecol,100000000,10000000,10000,4,2.0115775000000014e9,0,0,0,1,4
dask,grouped_reduce_mean_allcols,100000000,10000000,10000,4,3.5099196999999976e9,0,0,0,1,4
dask,innerjoin_r_unique,100000000,10000000,10000,4,3.5615517e9,0,0,0,1,4
dask,scenario_table_load,100000000,10000000,10000,4,1.06130855e10,0,0,0,1,4
dask,scenario_full_table_statistics,100000000,10000000,10000,4,2.915084199999999e9,0,0,0,1,4
dask,scenario_count_unique_a1,100000000,10000000,10000,4,3.271696000000013e8,0,0,0,1,4
dask,scenario_grouped_a1_statistics,100000000,10000000,10000,4,1.1861738599999996e10,0,0,0,1,4
dask,scenario_rowwise_sum_and_mean_reduce,100000000,10000000,10000,4,3.4743197180000006e11,0,0,0,1,4
dask,increment_map,100000000,25000000,1000,4,6.84168999999999e7,0,0,0,1,4
dask,filter_half,100000000,25000000,1000,4,7.934009e8,0,0,0,1,4
dask,reduce_var_all,100000000,25000000,1000,4,3.1147454000000005e9,0,0,0,1,4
dask,reduce_var_single,100000000,25000000,1000,4,5.1164649999999946e8,0,0,0,1,4
dask,groupby_single_col,100000000,25000000,1000,4,8.012026300000001e9,0,0,0,1,4
dask,grouped_reduce_mean_singlecol,100000000,25000000,1000,4,1.7992928999999993e9,0,0,0,1,4
dask,grouped_reduce_mean_allcols,100000000,25000000,1000,4,3.4062161999999995e9,0,0,0,1,4
dask,innerjoin_r_unique,100000000,25000000,1000,4,3.1059522e9,0,0,0,1,4
dask,scenario_table_load,100000000,25000000,1000,4,1.0174724699999998e10,0,0,0,1,4
dask,scenario_full_table_statistics,100000000,25000000,1000,4,2.759773599999999e9,0,0,0,1,4
dask,scenario_count_unique_a1,100000000,25000000,1000,4,2.895675000000004e8,0,0,0,1,4
dask,scenario_grouped_a1_statistics,100000000,25000000,1000,4,1.1122301400000002e10,0,0,0,1,4
dask,scenario_rowwise_sum_and_mean_reduce,100000000,25000000,1000,4,3.517633565e11,0,0,0,1,4
dask,groupby_single_col,100000000,25000000,10000,4,2.2589714e10,0,0,0,1,4
dask,grouped_reduce_mean_singlecol,100000000,25000000,10000,4,2.0039219000000017e9,0,0,0,1,4
dask,grouped_reduce_mean_allcols,100000000,25000000,10000,4,3.6976542000000024e9,0,0,0,1,4
dask,innerjoin_r_unique,100000000,25000000,10000,4,3.6017325e9,0,0,0,1,4
dask,scenario_table_load,100000000,25000000,10000,4,1.07876682e10,0,0,0,1,4
dask,scenario_full_table_statistics,100000000,25000000,10000,4,2.8519694000000014e9,0,0,0,1,4
dask,scenario_count_unique_a1,100000000,25000000,10000,4,3.204072999999994e8,0,0,0,1,4
dask,scenario_grouped_a1_statistics,100000000,25000000,10000,4,1.21283009e10,0,0,0,1,4
dask,scenario_rowwise_sum_and_mean_reduce,100000000,25000000,10000,4,3.514577654e11,0,0,0,1,4
dask,increment_map,500000000,10000000,1000,4,3.609597999999998e8,0,0,0,1,4
dask,filter_half,500000000,10000000,1000,4,4.7181292e9,0,0,0,1,4
dask,reduce_var_all,500000000,10000000,1000,4,1.44667709e10,0,0,0,1,4
dask,reduce_var_single,500000000,10000000,1000,4,2.0829385999999986e9,0,0,0,1,4
dask,groupby_single_col,500000000,10000000,1000,4,2.23564191e10,0,0,0,1,4
dask,grouped_reduce_mean_singlecol,500000000,10000000,1000,4,8.810318200000002e9,0,0,0,1,4
dask,grouped_reduce_mean_allcols,500000000,10000000,1000,4,1.5256413600000002e10,0,0,0,1,4
dask,innerjoin_r_unique,500000000,10000000,1000,4,4.348984710000001e10,0,0,0,1,4
dask,increment_map,10000000,10000000,1000,4,1.3974199999999937e7,0,0,0,1,4
dask,filter_half,10000000,10000000,1000,4,8.833160000000006e7,0,0,0,1,4
dask,reduce_var_all,10000000,10000000,1000,4,6.360279999999999e8,0,0,0,1,4
dask,reduce_var_single,10000000,10000000,1000,4,8.139799999999987e7,0,0,0,1,4
dask,increment_map,500000000,10000000,1000,4,3.6132009999999994e8,0,0,0,1,4
dask,filter_half,500000000,10000000,1000,4,5.0800653e9,0,0,0,1,4
dask,reduce_var_all,500000000,10000000,1000,4,1.54137992e10,0,0,0,1,4
dask,reduce_var_single,500000000,10000000,1000,4,2.5126217000000005e9,0,0,0,1,4
dask,groupby_single_col,500000000,10000000,1000,4,2.2251945e10,0,0,0,1,4
dask,grouped_reduce_mean_singlecol,500000000,10000000,1000,4,8.888859e9,0,0,0,1,4
dask,grouped_reduce_mean_allcols,500000000,10000000,1000,4,1.55830299e10,0,0,0,1,4
dask,innerjoin_r_unique,500000000,10000000,1000,4,4.17110876e10,0,0,0,1,4
dask,scenario_table_load,500000000,10000000,1000,4,4.91628118e10,0,0,0,1,4
dask,scenario_full_table_statistics,500000000,10000000,1000,4,1.1035978299999996e10,0,0,0,1,4
dask,scenario_count_unique_a1,500000000,10000000,1000,4,1.4056506000000012e9,0,0,0,1,4
dask,scenario_grouped_a1_statistics,500000000,10000000,1000,4,4.31636589e10,0,0,0,1,4
dask,scenario_rowwise_sum_and_mean_reduce,500000000,10000000,1000,4,1.6674077231e12,0,0,0,1,4
dask,groupby_single_col,500000000,10000000,10000,4,2.38891782e10,0,0,0,1,4
dask,grouped_reduce_mean_singlecol,500000000,10000000,10000,4,9.654739600000002e9,0,0,0,1,4
dask,grouped_reduce_mean_allcols,500000000,10000000,10000,4,1.6312106800000002e10,0,0,0,1,4
dask,innerjoin_r_unique,500000000,10000000,10000,4,3.92351428e10,0,0,0,1,4
dask,scenario_table_load,500000000,10000000,10000,4,5.34205357e10,0,0,0,1,4
dask,scenario_full_table_statistics,500000000,10000000,10000,4,1.2269660700000004e10,0,0,0,1,4
dask,scenario_count_unique_a1,500000000,10000000,10000,4,1.617873799999998e9,0,0,0,1,4
dask,scenario_grouped_a1_statistics,500000000,10000000,10000,4,5.08758521e10,0,0,0,1,4
dask,scenario_rowwise_sum_and_mean_reduce,500000000,10000000,10000,4,1.7696615933e12,0,0,0,1,4
dask,increment_map,500000000,25000000,1000,4,3.627237000000001e8,0,0,0,1,4
dask,filter_half,500000000,25000000,1000,4,4.420229e9,0,0,0,1,4
dask,reduce_var_all,500000000,25000000,1000,4,1.63573199e10,0,0,0,1,4
dask,reduce_var_single,500000000,25000000,1000,4,2.5901572e9,0,0,0,1,4
dask,groupby_single_col,500000000,25000000,1000,4,5.35034164e10,0,0,0,1,4
dask,grouped_reduce_mean_singlecol,500000000,25000000,1000,4,1.3482254099999998e10,0,0,0,1,4
dask,grouped_reduce_mean_allcols,500000000,25000000,1000,4,1.6777571200000011e10,0,0,0,1,4
dask,innerjoin_r_unique,500000000,25000000,1000,4,4.02555465e10,0,0,0,1,4
dask,scenario_table_load,500000000,25000000,1000,4,5.92781589e10,0,0,0,1,4
dask,scenario_full_table_statistics,500000000,25000000,1000,4,1.3847681199999996e10,0,0,0,1,4
dask,scenario_count_unique_a1,500000000,25000000,1000,4,1.404856499999994e9,0,0,0,1,4
dask,scenario_grouped_a1_statistics,500000000,25000000,1000,4,4.728240990000001e10,0,0,0,1,4
dask,scenario_rowwise_sum_and_mean_reduce,500000000,25000000,1000,4,1.7828124272e12,0,0,0,1,4
dask,groupby_single_col,500000000,25000000,10000,4,1.079331109e11,0,0,0,1,4
dask,grouped_reduce_mean_singlecol,500000000,25000000,10000,4,1.2894051099999998e10,0,0,0,1,4
dask,grouped_reduce_mean_allcols,500000000,25000000,10000,4,1.6315415300000011e10,0,0,0,1,4
dask,innerjoin_r_unique,500000000,25000000,10000,4,4.33652312e10,0,0,0,1,4
dask,scenario_table_load,500000000,25000000,10000,4,5.85152642e10,0,0,0,1,4
dask,scenario_full_table_statistics,500000000,25000000,10000,4,1.24343018e10,0,0,0,1,4
dask,scenario_count_unique_a1,500000000,25000000,10000,4,1.4863241999999843e9,0,0,0,1,4
dask,scenario_grouped_a1_statistics,500000000,25000000,10000,4,5.298394089999999e10,0,0,0,1,4
dask,scenario_rowwise_sum_and_mean_reduce,500000000,25000000,10000,4,1.7716286592e12,0,0,0,1,4
dask,increment_map,1000000000,10000000,1000,4,3.96481975e10,0,0,0,1,4
dask,filter_half,1000000000,10000000,1000,4,5.42801936e10,0,0,0,1,4
dask,reduce_var_all,1000000000,10000000,1000,4,3.720637089999999e10,0,0,0,1,4
dask,reduce_var_single,1000000000,10000000,1000,4,2.4785941899999985e10,0,0,0,1,4
dask,groupby_single_col,1000000000,10000000,1000,4,2.053502058e11,0,0,0,1,4
dask,grouped_reduce_mean_singlecol,1000000000,10000000,1000,4,5.13129428e10,0,0,0,1,4
dask,grouped_reduce_mean_allcols,1000000000,10000000,1000,4,6.967374140000005e10,0,0,0,1,4
dask,innerjoin_r_unique,1000000000,10000000,1000,4,2.5057712759999997e11,0,0,0,1,4
dask,scenario_table_load,1000000000,10000000,1000,4,3.980793215e11,0,0,0,1,4
dask,scenario_full_table_statistics,1000000000,10000000,1000,4,2.4230344259999994e11,0,0,0,1,4
dask,scenario_count_unique_a1,1000000000,10000000,1000,4,2.8863632399999916e10,0,0,0,1,4
dask,scenario_grouped_a1_statistics,1000000000,10000000,1000,4,2.081982327999999e11,0,0,0,1,4
dask,scenario_rowwise_sum_and_mean_reduce,1000000000,10000000,1000,4,3.6533811687e12,0,0,0,1,4
dask,groupby_single_col,1000000000,10000000,10000,4,4.5268197829999994e11,0,0,0,1,4
dask,grouped_reduce_mean_singlecol,1000000000,10000000,10000,4,4.995110860000005e10,0,0,0,1,4
dask,grouped_reduce_mean_allcols,1000000000,10000000,10000,4,6.846228379999991e10,0,0,0,1,4
dask,innerjoin_r_unique,1000000000,10000000,10000,4,2.491383503e11,0,0,0,1,4
dask,scenario_table_load,1000000000,10000000,10000,4,3.940943961e11,0,0,0,1,4
dask,scenario_full_table_statistics,1000000000,10000000,10000,4,2.2357969839999997e11,0,0,0,1,4
dask,scenario_count_unique_a1,1000000000,10000000,10000,4,3.690760899999998e10,0,0,0,1,4
dask,scenario_grouped_a1_statistics,1000000000,10000000,10000,4,2.3566656980000006e11,0,0,0,1,4
dask,scenario_rowwise_sum_and_mean_reduce,1000000000,10000000,10000,4,3.6125510268e12,0,0,0,1,4
dask,increment_map,1000000000,25000000,1000,4,3.35013645e10,0,0,0,1,4
dask,filter_half,1000000000,25000000,1000,4,5.04841868e10,0,0,0,1,4
dask,reduce_var_all,1000000000,25000000,1000,4,3.887620100000001e10,0,0,0,1,4
dask,reduce_var_single,1000000000,25000000,1000,4,2.5969192700000008e10,0,0,0,1,4
dask,groupby_single_col,1000000000,25000000,1000,4,6.14693524e10,0,0,0,1,4
dask,grouped_reduce_mean_singlecol,1000000000,25000000,1000,4,4.75965887e10,0,0,0,1,4
dask,grouped_reduce_mean_allcols,1000000000,25000000,1000,4,6.6261967500000015e10,0,0,0,1,4
dask,innerjoin_r_unique,1000000000,25000000,1000,4,2.414619815e11,0,0,0,1,4
dask,scenario_table_load,1000000000,25000000,1000,4,4.2474511390000006e11,0,0,0,1,4
dask,scenario_full_table_statistics,1000000000,25000000,1000,4,2.3192855989999997e11,0,0,0,1,4
dask,scenario_count_unique_a1,1000000000,25000000,1000,4,2.8427182299999912e10,0,0,0,1,4
dask,scenario_grouped_a1_statistics,1000000000,25000000,1000,4,2.4043784499999994e11,0,0,0,1,4
dask,scenario_rowwise_sum_and_mean_reduce,1000000000,25000000,1000,4,3.5641061137000005e12,0,0,0,1,4
dask,groupby_single_col,1000000000,25000000,10000,4,6.339422070000001e10,0,0,0,1,4
dask,grouped_reduce_mean_singlecol,1000000000,25000000,10000,4,4.53487878e10,0,0,0,1,4
dask,grouped_reduce_mean_allcols,1000000000,25000000,10000,4,6.501551019999999e10,0,0,0,1,4
dask,innerjoin_r_unique,1000000000,25000000,10000,4,2.319762209e11,0,0,0,1,4
dask,scenario_table_load,1000000000,25000000,10000,4,3.862939193e11,0,0,0,1,4
dask,scenario_full_table_statistics,1000000000,25000000,10000,4,2.3455492479999997e11,0,0,0,1,4
dask,scenario_count_unique_a1,1000000000,25000000,10000,4,2.980159230000004e10,0,0,0,1,4
dask,scenario_grouped_a1_statistics,1000000000,25000000,10000,4,2.2318290539999997e11,0,0,0,1,4
dask,scenario_rowwise_sum_and_mean_reduce,1000000000,25000000,10000,4,3.493675147e12,0,0,0,1,4
dask,increment_map,10000000,10000000,1000,4,6.255502799831447e7,0,0,0,2,4
dask,filter_half,10000000,10000000,1000,4,1.6585108599974775e8,0,0,0,2,4
dask,reduce_var_all,10000000,10000000,1000,4,2.366690697002923e9,0,0,0,2,4
dask,reduce_var_single,10000000,10000000,1000,4,1.431992680008989e8,0,0,0,2,4
dask,groupby_single_col,10000000,10000000,1000,4,2.0676799710017803e9,0,0,0,2,4
dask,grouped_reduce_mean_singlecol,10000000,10000000,1000,4,3.8023545119976916e9,0,0,0,2,4
dask,grouped_reduce_mean_allcols,10000000,10000000,1000,4,6.664925921999384e9,0,0,0,2,4
dask,innerjoin_r_unique,10000000,10000000,1000,4,9.511076089984272e8,0,0,0,2,4
dask,increment_map,10000000,25000000,1000,4,3.146956099953968e7,0,0,0,2,4
dask,filter_half,10000000,25000000,1000,4,3.172882799990475e8,0,0,0,2,4
dask,reduce_var_all,10000000,25000000,1000,4,2.2589443090000715e9,0,0,0,2,4
dask,reduce_var_single,10000000,25000000,1000,4,2.734592540000449e8,0,0,0,2,4
dask,groupby_single_col,10000000,25000000,1000,4,2.0689663480006857e9,0,0,0,2,4
dask,grouped_reduce_mean_singlecol,10000000,25000000,1000,4,3.7740696189976006e9,0,0,0,2,4
dask,grouped_reduce_mean_allcols,10000000,25000000,1000,4,6.599300091998884e9,0,0,0,2,4
dask,innerjoin_r_unique,10000000,25000000,1000,4,9.409970329979842e8,0,0,0,2,4
dask,increment_map,100000000,10000000,1000,4,1.319035740016261e8,0,0,0,2,4
dask,filter_half,100000000,10000000,1000,4,2.0733032429998274e9,0,0,0,2,4
dask,reduce_var_all,100000000,10000000,1000,4,5.86175232199821e9,0,0,0,2,4
dask,reduce_var_single,100000000,10000000,1000,4,2.8453018900108874e8,0,0,0,2,4
dask,groupby_single_col,100000000,10000000,1000,4,1.098914276800133e10,0,0,0,2,4
dask,grouped_reduce_mean_singlecol,100000000,10000000,1000,4,4.50305382499937e9,0,0,0,2,4
dask,grouped_reduce_mean_allcols,100000000,10000000,1000,4,8.341991253000742e9,0,0,0,2,4
dask,innerjoin_r_unique,100000000,10000000,1000,4,3.2455383209999127e9,0,0,0,2,4
dask,increment_map,100000000,25000000,1000,4,1.470768079998379e8,0,0,0,2,4
dask,filter_half,100000000,25000000,1000,4,2.1524104499985695e9,0,0,0,2,4
dask,reduce_var_all,100000000,25000000,1000,4,6.916441435001616e9,0,0,0,2,4
dask,reduce_var_single,100000000,25000000,1000,4,6.873226179995981e8,0,0,0,2,4
dask,groupby_single_col,100000000,25000000,1000,4,9.303011363997938e9,0,0,0,2,4
dask,grouped_reduce_mean_singlecol,100000000,25000000,1000,4,4.272044438999728e9,0,0,0,2,4
dask,grouped_reduce_mean_allcols,100000000,25000000,1000,4,7.84918503299923e9,0,0,0,2,4
dask,innerjoin_r_unique,100000000,25000000,1000,4,3.9085530289994493e9,0,0,0,2,4
dask,increment_map,500000000,10000000,1000,4,4.3967476399848235e8,0,0,0,2,4
dask,filter_half,500000000,10000000,1000,4,9.640537785999186e9,0,0,0,2,4
dask,reduce_var_all,500000000,10000000,1000,4,1.9720089151996944e10,0,0,0,2,4
dask,reduce_var_single,500000000,10000000,1000,4,9.693225210030504e8,0,0,0,2,4
dask,groupby_single_col,500000000,10000000,1000,4,1.4751473411000916e10,0,0,0,2,4
dask,grouped_reduce_mean_singlecol,500000000,10000000,1000,4,6.376457205002225e9,0,0,0,2,4
dask,grouped_reduce_mean_allcols,500000000,10000000,1000,4,1.2862041343003511e10,0,0,0,2,4
dask,innerjoin_r_unique,500000000,10000000,1000,4,1.2710729768998135e10,0,0,0,2,4
dask,increment_map,500000000,25000000,1000,4,4.6155905300111043e8,0,0,0,2,4
dask,filter_half,500000000,25000000,1000,4,9.624365695999586e9,0,0,0,2,4
dask,reduce_var_all,500000000,25000000,1000,4,2.3847563556999374e10,0,0,0,2,4
dask,reduce_var_single,500000000,25000000,1000,4,1.0380795210003271e9,0,0,0,2,4
dask,groupby_single_col,500000000,25000000,1000,4,4.3823474824002914e10,0,0,0,2,4
dask,grouped_reduce_mean_singlecol,500000000,25000000,1000,4,5.697742603999359e9,0,0,0,2,4
dask,grouped_reduce_mean_allcols,500000000,25000000,1000,4,1.0814294761999918e10,0,0,0,2,4
dask,innerjoin_r_unique,500000000,25000000,1000,4,1.3718200197999977e10,0,0,0,2,4
dask,increment_map,1000000000,10000000,1000,4,5.13799445998302e8,0,0,0,2,4
dask,filter_half,1000000000,10000000,1000,4,1.8674409976996685e10,0,0,0,2,4
dask,reduce_var_all,1000000000,10000000,1000,4,3.8169079204002625e10,0,0,0,2,4
dask,reduce_var_single,1000000000,10000000,1000,4,3.57561078100116e9,0,0,0,2,4
dask,groupby_single_col,1000000000,10000000,1000,4,1.1678710206200049e11,0,0,0,2,4
dask,increment_map,10000000,10000000,1000,4,3.2106709000800036e7,0,0,0,4,4
dask,filter_half,10000000,10000000,1000,4,3.265735249988211e8,0,0,0,4,4
dask,reduce_var_all,10000000,10000000,1000,4,2.1159297600024729e9,0,0,0,4,4
dask,reduce_var_single,10000000,10000000,1000,4,2.670592159993248e8,0,0,0,4,4
dask,groupby_single_col,10000000,10000000,1000,4,2.225590492002084e9,0,0,0,4,4
dask,grouped_reduce_mean_singlecol,10000000,10000000,1000,4,3.9663215190012126e9,0,0,0,4,4
dask,grouped_reduce_mean_allcols,10000000,10000000,1000,4,6.9184169870022745e9,0,0,0,4,4
dask,innerjoin_r_unique,10000000,10000000,1000,4,9.419703729981848e8,0,0,0,4,4
dask,increment_map,10000000,25000000,1000,4,3.1956963997799903e7,0,0,0,4,4
dask,filter_half,10000000,25000000,1000,4,3.232093789993087e8,0,0,0,4,4
dask,reduce_var_all,10000000,25000000,1000,4,2.3478235810034676e9,0,0,0,4,4
dask,reduce_var_single,10000000,25000000,1000,4,2.694434069999261e8,0,0,0,4,4
dask,groupby_single_col,10000000,25000000,1000,4,2.2274190839998484e9,0,0,0,4,4
dask,grouped_reduce_mean_singlecol,10000000,25000000,1000,4,4.036922904997482e9,0,0,0,4,4
dask,grouped_reduce_mean_allcols,10000000,25000000,1000,4,7.268622736999532e9,0,0,0,4,4
dask,innerjoin_r_unique,10000000,25000000,1000,4,9.449098999975832e8,0,0,0,4,4
dask,increment_map,100000000,10000000,1000,4,9.618222299832268e7,0,0,0,4,4
dask,filter_half,100000000,10000000,1000,4,1.9059129570014193e9,0,0,0,4,4
dask,reduce_var_all,100000000,10000000,1000,4,3.992008028002601e9,0,0,0,4,4
dask,reduce_var_single,100000000,10000000,1000,4,3.6172586400061846e8,0,0,0,4,4
dask,groupby_single_col,100000000,10000000,1000,4,9.89412437399733e9,0,0,0,4,4
dask,grouped_reduce_mean_singlecol,100000000,10000000,1000,4,4.51388686500286e9,0,0,0,4,4
dask,grouped_reduce_mean_allcols,100000000,10000000,1000,4,8.3241494110006895e9,0,0,0,4,4
dask,innerjoin_r_unique,100000000,10000000,1000,4,2.44477082999947e9,0,0,0,4,4
dask,increment_map,100000000,25000000,1000,4,7.277642199915135e7,0,0,0,4,4
dask,filter_half,100000000,25000000,1000,4,2.1785429070005193e9,0,0,0,4,4
dask,reduce_var_all,100000000,25000000,1000,4,7.124959524000587e9,0,0,0,4,4
dask,reduce_var_single,100000000,25000000,1000,4,6.922282889972849e8,0,0,0,4,4
dask,groupby_single_col,100000000,25000000,1000,4,9.561989237001398e9,0,0,0,4,4
dask,grouped_reduce_mean_singlecol,100000000,25000000,1000,4,4.654126312001608e9,0,0,0,4,4
dask,grouped_reduce_mean_allcols,100000000,25000000,1000,4,8.06441289400027e9,0,0,0,4,4
dask,innerjoin_r_unique,100000000,25000000,1000,4,3.7589344049993086e9,0,0,0,4,4
dask,increment_map,500000000,10000000,1000,4,3.43184506000398e8,0,0,0,4,4
dask,filter_half,500000000,10000000,1000,4,9.059329070001696e9,0,0,0,4,4
dask,reduce_var_all,500000000,10000000,1000,4,1.4532372585999838e10,0,0,0,4,4
dask,reduce_var_single,500000000,10000000,1000,4,1.3965342920018883e9,0,0,0,4,4
dask,groupby_single_col,500000000,10000000,1000,4,1.2955730636000225e10,0,0,0,4,4
dask,grouped_reduce_mean_singlecol,500000000,10000000,1000,4,6.489283563998469e9,0,0,0,4,4
dask,grouped_reduce_mean_allcols,500000000,10000000,1000,4,1.2690745548999985e10,0,0,0,4,4
dask,innerjoin_r_unique,500000000,10000000,1000,4,1.0908534330999828e10,0,0,0,4,4
dask,increment_map,500000000,25000000,1000,4,3.124491529997613e8,0,0,0,4,4
dask,filter_half,500000000,25000000,1000,4,9.068980448999355e9,0,0,0,4,4
dask,reduce_var_all,500000000,25000000,1000,4,1.8040401914997345e10,0,0,0,4,4
dask,reduce_var_single,500000000,25000000,1000,4,1.5127595009980724e9,0,0,0,4,4
dask,groupby_single_col,500000000,25000000,1000,4,3.862023574100021e10,0,0,0,4,4
dask,grouped_reduce_mean_singlecol,500000000,25000000,1000,4,5.658848215000034e9,0,0,0,4,4
dask,grouped_reduce_mean_allcols,500000000,25000000,1000,4,1.1105329883001104e10,0,0,0,4,4
dask,innerjoin_r_unique,500000000,25000000,1000,4,1.2413688242999342e10,0,0,0,4,4
dask,increment_map,1000000000,10000000,1000,4,6.741631139993842e8,0,0,0,4,4
dask,filter_half,1000000000,10000000,1000,4,1.9888126976999046e10,0,0,0,4,4
dask,reduce_var_all,1000000000,10000000,1000,4,2.6918303613998432e10,0,0,0,4,4
dask,reduce_var_single,1000000000,10000000,1000,4,1.212462723000499e9,0,0,0,4,4
dask,groupby_single_col,1000000000,10000000,1000,4,1.8792893084000024e11,0,0,0,4,4
dask,grouped_reduce_mean_singlecol,1000000000,10000000,1000,4,8.511492876001285e9,0,0,0,4,4
dask,grouped_reduce_mean_allcols,1000000000,10000000,1000,4,1.7700329777999287e10,0,0,0,4,4
dask,innerjoin_r_unique,1000000000,10000000,1000,4,3.0998623995001255e10,0,0,0,4,4
dask,increment_map,1000000000,25000000,1000,4,5.69624248000764e8,0,0,0,4,4
dask,filter_half,1000000000,25000000,1000,4,2.0933983151997383e10,0,0,0,4,4
dask,reduce_var_all,1000000000,25000000,1000,4,3.758159320200139e10,0,0,0,4,4
dask,reduce_var_single,1000000000,25000000,1000,4,3.130256382002699e9,0,0,0,4,4
dask,groupby_single_col,1000000000,25000000,1000,4,2.918263463299809e10,0,0,0,4,4
